Open_n_val,High_n_val,Low_n_val,Close_n_val,Volume_n_val,SMA_10_val,SMA_20_val,CMO_14_val,High_n-Low_n_val,Open_n-Close_n_val,SMA_20-SMA_10_val,Close_n_slope_3_val,Close_n_slope_5_val,Close_n_slope_10_val,Open_n_changelen_val,High_n_changelen_val,Low_n_changelen_val,Close_n_changelen_val,High_n-Low_n_changelen_val,Open_n-Close_n_changelen_val,SMA_20-SMA_10_changelen_val,Close_n_slope_3_changelen_val,Close_n_slope_5_changelen_val,Close_n_slope_10_changelen_val,row_num,era,id,target_5_val,target_10_val,target_5,target_10
0.0,0.75,0.0,0.75,0.0,0.75,0.75,0.5,1.0,0.0,0.5,1.0,1.0,1.0,0.5,0.5,0.5,0.5,0.5,0.5,0.5,0.5,0.5,0.5,0,883,UNY.AF,0.0,0.5,-0.0033515482695809,-0.0004080572632058
0.75,0.75,0.0,0.25,1.0,0.75,0.75,0.5,1.0,1.0,0.5,1.0,1.0,1.0,0.75,0.5,0.75,0.5,0.5,0.75,0.5,0.5,0.5,0.5,1,883,UNY.AF,0.75,0.5,0.0028852174408015,-2.917235883426184e-05
0.25,0.25,0.0,0.0,1.0,0.75,0.75,0.5,1.0,1.0,0.5,1.0,1.0,1.0,0.5,0.25,0.5,0.25,0.25,0.75,0.75,0.25,0.25,0.25,2,883,UNY.AF,1.0,0.75,0.0147759420537341,0.0061348047586521
0.0,0.0,0.0,0.0,0.75,0.75,0.75,0.5,1.0,0.75,0.5,0.0,1.0,1.0,0.25,0.25,0.25,0.0,0.0,0.5,0.75,0.0,0.0,0.0,3,883,UNY.AF,1.0,0.75,0.0128379012978142,0.0057996072404371
0.0,0.0,0.0,0.0,0.75,0.75,0.75,0.5,0.75,0.0,0.5,0.25,1.0,1.0,0.75,0.75,0.75,0.75,0.0,0.25,0.75,0.75,0.75,0.75,4,883,UNY.AF,1.0,0.75,0.0062368368624772,0.0010637949681238
0.0,0.25,0.0,0.25,1.0,0.75,0.75,0.5,1.0,0.0,0.5,1.0,0.0,1.0,1.0,1.0,0.75,1.0,0.75,0.75,1.0,1.0,0.5,1.0,5,883,UNY.AF,0.75,0.75,0.0029434910063751,0.0017923212659379
0.25,0.5,0.5,0.75,0.75,0.75,0.75,0.5,0.75,0.0,0.5,1.0,0.75,1.0,1.0,1.0,1.0,1.0,0.5,0.5,1.0,1.0,0.75,1.0,6,883,UNY.AF,0.0,0.25,-0.0029143897996357,-0.0026229508196721
0.75,0.75,0.75,0.75,1.0,0.75,0.75,0.5,1.0,0.0,0.5,1.0,1.0,1.0,1.0,1.0,1.0,1.0,0.75,0.25,1.0,1.0,1.0,1.0,7,883,UNY.AF,0.0,0.0,-0.0086411372950819,-0.0092677026411658
0.75,0.75,0.75,0.75,1.0,0.75,0.75,0.5,1.0,1.0,0.5,1.0,1.0,1.0,1.0,0.5,1.0,0.5,0.5,0.75,1.0,0.5,0.5,0.5,8,883,UNY.AF,0.0,0.0,-0.0070382940573771,-0.00759199965847
0.75,0.75,0.75,0.75,0.75,0.5,0.75,0.5,0.75,1.0,1.0,0.75,1.0,1.0,0.5,0.25,0.5,0.25,0.25,0.5,1.0,0.25,0.25,0.25,9,883,UNY.AF,0.0,0.0,-0.0051730418943534,-0.0049690488387978
0.75,0.75,0.75,0.75,0.75,0.5,0.75,0.5,1.0,1.0,1.0,0.0,0.75,0.25,0.25,0.25,0.25,0.0,0.75,0.25,1.0,0.0,0.0,0.0,10,883,UNY.AF,0.25,0.0,-0.0011511697404371,-0.004750469603825
0.75,0.75,0.5,0.25,0.75,0.5,0.75,0.5,0.75,1.0,1.0,0.0,0.0,0.5,0.0,0.0,0.0,0.0,0.5,0.75,1.0,0.0,0.0,0.75,11,883,UNY.AF,0.5,0.25,0.0002914389799636,-0.0017194615209471
0.25,0.5,0.5,0.5,0.5,0.75,0.75,0.5,0.5,0.25,1.0,0.0,0.0,0.75,0.0,0.0,0.75,0.75,0.25,0.5,0.5,0.75,0.0,1.0,12,883,UNY.AF,0.5,0.25,-0.0006265653460838,-0.003103796675774
0.5,0.5,0.5,0.25,0.25,0.75,0.75,0.5,0.5,0.75,0.75,0.0,0.0,0.75,0.75,0.0,0.5,0.5,0.0,0.75,0.25,1.0,0.75,0.5,13,883,UNY.AF,0.5,0.75,-0.0005537056010929,0.0011949282786885
0.25,0.25,0.0,0.25,0.75,0.75,0.75,0.0,0.75,0.5,0.75,0.25,0.0,0.5,0.5,0.0,0.25,0.25,0.75,0.5,0.25,1.0,1.0,0.25,14,883,UNY.AF,0.5,0.5,0.0002039930555555,-0.0003060251593807
0.25,0.5,0.5,0.5,0.5,0.75,0.75,0.25,0.5,0.0,0.75,0.5,0.25,0.75,0.75,0.75,0.75,0.75,0.5,0.25,0.25,1.0,1.0,0.75,15,883,UNY.AF,0.0,0.25,-0.0035992998633879,-0.003264102345173
0.5,0.5,0.5,0.5,0.25,0.75,0.75,0.25,0.25,0.75,0.75,0.5,0.5,0.25,1.0,0.5,0.75,0.5,0.25,0.75,0.5,0.5,1.0,0.5,16,883,UNY.AF,0.25,0.5,-0.0020109005009107,-0.0002914389799636
0.5,0.25,0.25,0.5,0.5,0.75,0.75,0.25,0.5,0.5,1.0,0.75,0.25,0.0,0.5,0.25,0.5,0.75,0.75,0.5,0.75,0.75,0.5,0.25,17,883,UNY.AF,0.25,0.5,-0.0024772313296902,-0.0009034892987248
0.5,0.25,0.25,0.25,0.5,0.5,0.75,0.0,0.5,0.75,1.0,0.0,0.25,0.0,0.75,0.25,0.25,0.5,0.5,0.75,0.75,0.5,0.75,0.75,18,883,UNY.AF,0.75,0.5,0.0017486338797814,0.0003497125455373
0.25,0.0,0.25,0.25,0.5,0.5,0.5,0.0,0.0,0.25,0.75,0.25,0.5,0.0,0.5,0.0,0.75,0.75,0.25,0.5,0.5,0.75,1.0,1.0,19,883,UNY.AF,0.5,0.5,-0.0005100182149362,-0.0009325905054644
0.25,0.0,0.0,0.0,0.5,0.25,0.5,0.0,0.5,1.0,0.75,0.0,0.0,0.0,0.75,0.75,0.5,0.5,0.75,0.75,0.5,0.5,0.5,1.0,20,883,UNY.AF,0.5,0.75,0.0003351975182148,0.0020109716530054
0.0,0.0,0.25,0.0,1.0,0.25,0.5,0.0,0.25,0.5,0.75,0.25,0.25,0.25,0.5,0.5,0.75,0.75,0.5,0.5,0.75,0.75,0.75,1.0,21,883,UNY.AF,0.75,0.75,0.0017194615209471,0.0037887067395264
0.0,0.0,0.0,0.0,0.5,0.0,0.5,0.0,0.25,0.75,1.0,0.25,0.0,0.0,0.75,0.25,0.5,0.5,0.25,0.75,0.75,0.5,0.5,0.5,22,883,UNY.AF,0.75,0.75,0.0015737420309653,0.0068925034153005
0.0,0.25,0.25,0.5,0.75,0.25,0.5,0.5,0.75,0.0,1.0,1.0,0.75,0.5,0.5,0.75,0.75,0.75,0.75,0.5,0.75,0.75,0.75,0.75,23,883,UNY.AF,0.25,0.75,-0.001398921334244,0.0015154684653916
0.5,0.5,0.25,0.25,0.75,0.25,0.5,0.0,0.5,1.0,1.0,0.5,0.5,0.25,0.75,1.0,0.75,0.5,0.5,0.75,1.0,0.5,0.5,0.5,24,883,UNY.AF,0.5,0.75,-0.0004225722905282,0.0016029143897996
0.0,0.0,0.0,0.0,0.5,0.0,0.5,0.0,0.75,0.75,1.0,0.5,0.5,0.0,0.5,0.5,0.5,0.25,0.75,0.5,1.0,0.25,0.75,0.25,25,883,UNY.AF,0.75,0.75,0.0016757741347905,0.0017632200591986
0.0,0.25,0.25,0.25,0.5,0.0,0.5,0.25,0.25,0.25,1.0,0.25,0.75,0.5,0.25,0.75,0.75,0.75,0.5,0.25,0.5,0.0,1.0,0.75,26,883,UNY.AF,0.75,0.5,0.0020692452185793,0.0003497125455373
0.25,0.25,0.25,0.25,0.0,0.0,0.25,0.25,0.0,0.75,1.0,0.5,0.75,0.25,0.75,0.5,0.75,0.5,0.25,0.75,0.25,0.75,0.5,0.5,27,883,UNY.AF,1.0,0.75,0.0053187613843351,0.0012240294854279
0.25,0.25,0.25,0.25,0.25,0.0,0.25,0.25,0.25,0.25,0.75,0.75,0.25,0.5,0.5,0.75,1.0,0.75,0.75,0.5,0.25,1.0,0.25,0.75,28,883,UNY.AF,0.75,0.5,0.0029143897996356,0.0005974641393442
0.25,0.25,0.25,0.0,0.5,0.0,0.25,0.0,0.25,0.75,0.75,0.25,0.5,0.25,0.75,0.5,0.5,0.5,0.5,0.75,0.25,0.5,0.75,0.5,29,883,UNY.AF,0.75,0.75,0.0020254866803278,0.0019817992941711
0.0,0.25,0.25,0.25,0.5,0.0,0.0,0.25,0.25,0.25,0.5,0.5,0.75,0.75,0.5,0.25,0.25,0.75,0.75,0.5,0.25,0.75,1.0,0.75,30,883,UNY.AF,0.5,0.5,8.744592440801391e-05,0.0004225722905282
0.25,0.5,0.5,0.75,0.5,0.25,0.25,0.75,0.75,0.0,0.5,0.75,0.75,0.75,0.75,1.0,0.75,1.0,0.75,0.25,0.0,1.0,1.0,1.0,31,883,UNY.AF,0.25,0.25,-0.0017195326730419,-0.0029289759790528
0.75,0.75,0.75,0.75,0.75,0.25,0.25,0.75,1.0,0.0,0.25,1.0,1.0,0.75,1.0,1.0,0.75,1.0,0.75,0.0,0.0,1.0,1.0,1.0,32,883,UNY.AF,0.0,0.0,-0.0040947318989071,-0.007344248064663
0.75,0.75,0.75,0.75,1.0,0.5,0.25,0.75,1.0,1.0,0.25,0.75,0.75,0.5,1.0,0.5,0.5,0.5,0.5,0.75,0.0,0.5,0.5,0.5,33,883,UNY.AF,0.25,0.0,-0.0023169256602914,-0.0036429872495445
0.75,0.5,0.5,0.5,0.75,0.5,0.25,0.25,0.5,1.0,0.25,0.25,0.75,0.75,0.5,0.25,0.25,0.25,0.25,0.5,0.0,0.25,0.25,0.75,34,883,UNY.AF,0.5,0.5,-4.3687386156676666e-05,-0.0004371584699452
0.5,0.25,0.5,0.25,0.25,0.5,0.25,0.25,0.0,0.75,0.25,0.0,0.5,0.75,0.25,0.25,0.0,0.0,0.0,0.25,0.0,0.0,0.0,1.0,35,883,UNY.AF,0.5,0.5,0.0003351263661202,0.0009471766848816
0.25,0.25,0.5,0.5,0.25,0.5,0.25,0.25,0.0,0.5,0.25,0.0,0.25,0.5,0.0,0.75,0.75,0.75,0.0,0.0,0.0,0.75,0.0,0.5,36,883,UNY.AF,0.25,0.5,-0.0012094433060109,0.000830629553734
0.5,0.5,0.5,0.5,0.25,0.5,0.25,0.25,0.0,0.25,0.25,0.5,0.0,0.5,0.75,1.0,0.75,1.0,0.75,0.0,0.0,1.0,0.0,0.75,37,883,UNY.AF,0.0,0.75,-0.0032495161657558,0.0013260615892531
0.5,0.25,0.5,0.5,0.0,0.5,0.25,0.25,0.0,0.5,0.25,0.5,0.25,0.5,1.0,0.5,1.0,0.5,0.5,0.75,0.0,1.0,0.75,0.5,38,883,UNY.AF,0.25,0.5,-0.0013260615892531,0.0002185792349727
0.5,0.25,0.5,0.5,0.0,0.5,0.25,0.5,0.0,0.25,0.25,0.5,0.5,0.75,0.5,0.75,1.0,0.75,0.75,0.5,0.0,1.0,1.0,0.75,39,883,UNY.AF,0.5,0.5,-0.0003934710837886,-0.0002477515938068
0.5,0.5,0.75,0.5,0.0,0.5,0.25,0.25,0.0,0.5,0.25,0.5,0.5,0.5,0.25,1.0,1.0,0.5,0.75,0.75,0.5,0.5,1.0,0.5,40,883,UNY.AF,0.5,0.5,0.0006120503187614,-0.0005682917805099
0.5,0.25,0.25,0.25,0.25,0.5,0.25,0.0,0.5,0.75,0.25,0.25,0.25,0.25,1.0,0.5,0.5,0.25,0.75,0.75,0.75,0.25,0.5,0.25,41,883,UNY.AF,0.75,0.75,0.0020400728597449,0.0011657559198542
0.25,0.0,0.0,0.0,0.5,0.25,0.25,0.0,0.75,1.0,0.5,0.0,0.0,0.0,0.5,0.25,0.25,0.0,0.75,0.75,0.75,0.0,0.25,0.0,42,883,UNY.AF,1.0,0.75,0.004575577755009,0.0028561162340619
0.0,0.0,0.0,0.25,0.5,0.25,0.25,0.25,0.25,0.25,0.5,0.25,0.25,0.0,0.25,0.25,0.75,0.75,0.5,0.5,0.75,0.75,0.75,0.75,43,883,UNY.AF,0.75,0.5,0.0015446408242258,-8.744592440801391e-05
0.25,0.25,0.25,0.5,0.25,0.25,0.25,0.5,0.5,0.25,0.5,0.75,0.5,0.25,0.75,0.75,0.75,1.0,0.75,0.75,1.0,1.0,1.0,1.0,44,883,UNY.AF,0.5,0.25,0.0001457194899817,-0.0015883282103825
0.5,0.5,0.5,0.5,0.25,0.25,0.25,0.75,0.25,0.25,0.5,1.0,0.5,0.5,1.0,1.0,1.0,1.0,0.5,0.75,1.0,1.0,1.0,1.0,45,883,UNY.AF,0.25,0.0,-0.0011803420992714,-0.003774191712204
0.5,0.25,0.5,0.5,0.25,0.25,0.5,0.75,0.25,0.5,0.5,0.75,0.75,0.5,1.0,0.5,1.0,0.5,0.25,0.75,0.5,0.5,1.0,0.5,46,883,UNY.AF,0.5,0.0,-0.0008743169398907,-0.0037596055327868
0.5,0.75,0.75,0.75,1.0,0.25,0.5,0.75,0.75,0.25,0.5,0.75,0.75,0.5,1.0,0.75,1.0,0.75,0.75,0.5,0.25,0.25,1.0,0.75,47,883,UNY.AF,0.25,0.0,-0.0017194615209471,-0.0035992998633879
0.75,0.5,0.75,0.5,0.25,0.25,0.5,0.5,0.25,0.75,0.5,0.25,0.75,0.5,1.0,0.5,0.5,0.5,0.5,0.75,0.5,0.0,0.5,0.5,48,883,UNY.AF,0.25,0.25,-0.0016320867486339,-0.0014280936930783
0.5,0.25,0.5,0.5,0.25,0.25,0.5,0.25,0.0,0.5,0.75,0.25,0.5,0.5,0.5,0.25,0.25,0.25,0.25,0.5,0.75,0.0,0.25,0.25,49,883,UNY.AF,0.25,0.5,-0.0017340477003643,-0.0005537056010929
0.5,0.5,0.5,0.25,0.25,0.25,0.5,0.25,0.25,0.75,0.75,0.25,0.25,0.25,0.25,0.75,0.0,0.0,0.75,0.75,0.75,0.0,0.0,0.0,50,883,UNY.AF,0.25,0.5,-0.0025938496129326,-0.0001020321038252
0.25,0.5,0.5,0.5,0.25,0.25,0.5,0.25,0.25,0.25,0.5,0.5,0.25,0.5,0.0,1.0,0.75,0.75,0.5,0.5,0.5,0.75,0.75,0.75,51,883,UNY.AF,0.0,0.25,-0.0028852885928961,-0.0016757741347904
0.25,0.25,0.5,0.25,0.0,0.5,0.25,0.25,0.0,0.5,0.5,0.5,0.25,0.75,0.75,0.5,0.5,0.5,0.25,0.75,0.25,1.0,0.5,1.0,52,883,UNY.AF,0.25,0.25,-0.0018798383424407,-0.0020109716530054
0.25,0.25,0.25,0.25,0.25,0.5,0.25,0.0,0.0,0.75,0.25,0.25,0.25,0.5,0.5,0.25,0.25,0.25,0.75,0.75,0.25,0.5,0.75,0.5,53,883,UNY.AF,0.5,0.25,0.0002039930555555,-0.0018943533697631
0.25,0.0,0.0,0.0,0.25,0.25,0.25,0.0,0.0,0.5,0.25,0.25,0.25,0.25,0.25,0.25,0.0,0.0,0.5,0.5,0.5,0.25,0.5,0.25,54,883,UNY.AF,0.75,0.25,0.0011803420992714,-0.0017632200591984
0.0,0.0,0.0,0.0,0.25,0.25,0.25,0.0,0.5,0.75,0.5,0.0,0.0,0.0,0.0,0.0,0.0,0.0,0.75,0.75,0.75,0.0,0.25,0.0,55,883,UNY.AF,0.75,0.25,0.0024918175091074,-0.0026666382058287
0.0,0.0,0.0,0.0,0.0,0.25,0.25,0.0,0.0,0.5,0.5,0.25,0.0,0.0,0.0,0.0,0.75,0.0,0.5,0.5,0.75,0.75,0.0,0.75,56,883,UNY.AF,0.75,0.25,0.0012095144581056,-0.0012240294854281
0.0,0.0,0.0,0.0,0.25,0.0,0.0,0.0,0.0,0.25,0.75,0.5,0.25,0.0,0.0,0.75,0.75,1.0,0.75,0.25,0.75,1.0,0.75,1.0,57,883,UNY.AF,0.5,0.25,-0.0001311333105646,-0.00113658356102
0.0,0.0,0.0,0.25,0.0,0.0,0.0,0.25,0.25,0.25,0.75,0.75,0.5,0.25,0.75,1.0,1.0,1.0,0.75,0.0,1.0,1.0,1.0,1.0,58,883,UNY.AF,0.25,0.25,-0.0020983464253186,-0.0034680954007285
0.25,0.25,0.5,0.25,0.5,0.0,0.0,0.5,0.0,0.25,0.75,0.75,0.75,0.25,1.0,1.0,1.0,1.0,0.5,0.75,1.0,1.0,1.0,1.0,59,883,UNY.AF,0.0,0.0,-0.0029435621584699,-0.0043133111338797
0.25,0.0,0.25,0.25,0.25,0.0,0.0,0.5,0.0,0.5,0.75,0.75,0.75,0.5,1.0,0.5,0.5,1.0,0.75,0.75,0.5,0.5,1.0,1.0,60,883,UNY.AF,0.0,0.25,-0.0051584557149362,-0.0023897854052823
0.25,0.0,0.25,0.0,0.0,0.0,0.0,0.0,0.25,0.75,0.75,0.5,0.75,0.25,0.5,0.25,0.25,0.5,0.75,0.75,0.5,0.25,0.5,0.5,61,883,UNY.AF,0.25,0.25,-0.0024335439435337,-0.0017632200591986
0.0,0.0,0.25,0.0,0.0,0.0,0.0,0.0,0.25,0.75,0.75,0.25,0.5,0.25,0.25,0.25,0.75,0.25,0.5,0.5,0.75,0.0,0.25,0.25,62,883,UNY.AF,0.25,0.25,-0.0010054502504553,-0.0028998036202185
0.0,0.0,0.0,0.0,0.25,0.0,0.0,0.0,0.5,0.75,0.75,0.0,0.25,0.25,0.0,0.0,0.5,0.0,0.75,0.75,0.75,0.0,0.0,0.75,63,883,UNY.AF,0.25,0.0,-0.0013697489754098,-0.0037012608151184
0.0,0.0,0.0,0.0,0.5,0.0,0.0,0.0,0.0,0.5,0.75,0.25,0.0,0.25,0.0,0.0,0.25,0.0,0.5,0.5,0.75,0.75,0.0,1.0,64,883,UNY.AF,0.25,0.25,-0.0013697489754098,-0.003351548269581
0.0,0.0,0.0,0.0,0.75,0.0,0.0,0.0,0.5,1.0,0.75,0.0,0.0,0.25,0.0,0.0,0.0,0.0,0.75,0.75,0.5,0.5,0.0,0.5,65,883,UNY.AF,0.75,1.0,0.0027686703096538,0.008816029143898
0.0,0.0,0.0,0.0,0.75,0.0,0.0,0.0,0.0,0.25,0.75,0.25,0.25,0.25,0.0,0.0,0.0,0.75,0.5,0.5,0.25,0.75,0.75,0.75,66,883,UNY.AF,0.5,1.0,0.0006703238843351,0.0097923781876138
0.0,0.0,0.0,0.0,0.75,0.0,0.0,0.0,0.75,0.0,0.75,0.5,0.25,0.25,0.75,0.75,0.0,1.0,0.75,0.25,0.25,1.0,1.0,1.0,67,883,UNY.AF,0.25,1.0,-0.0018943533697631,0.0120947176684881
0.0,0.0,0.0,0.0,0.75,0.0,0.0,0.0,0.5,1.0,0.75,0.75,0.25,0.0,1.0,1.0,0.75,0.5,0.5,0.75,0.5,1.0,0.5,0.5,68,883,UNY.AF,0.25,1.0,-0.0023315118397085,0.0090782957650272
0.0,0.0,0.0,0.0,0.75,0.0,0.0,0.0,0.0,0.5,0.75,0.25,0.25,0.0,0.5,0.5,0.5,0.25,0.25,0.5,0.75,0.5,0.25,0.25,69,883,UNY.AF,0.25,0.75,-0.0019817992941711,0.0059744990892531
0.0,0.0,0.0,0.0,0.75,0.0,0.0,0.25,0.25,0.0,1.0,0.5,0.75,0.25,0.25,0.75,0.75,0.75,0.75,0.25,0.75,0.75,1.0,0.75,70,883,UNY.AF,1.0,0.75,0.0060473588342441,0.0055081682604736
0.0,0.0,0.0,0.0,0.5,0.0,0.0,0.0,0.25,0.75,1.0,0.75,0.5,0.25,0.75,1.0,0.75,0.5,0.75,0.75,0.75,1.0,0.5,1.0,71,883,UNY.AF,1.0,1.0,0.0091220543032786,0.0076502732240437
0.0,0.0,0.0,0.0,1.0,0.0,0.0,0.0,0.5,1.0,1.0,0.5,0.25,0.25,0.5,0.5,0.5,0.25,0.75,0.75,1.0,0.5,0.25,0.5,72,883,UNY.AF,1.0,1.0,0.0139890710382513,0.0084225580601091
0.0,0.0,0.0,0.0,1.0,0.0,0.0,0.0,0.5,1.0,1.0,0.0,0.25,0.0,0.25,0.25,0.25,0.0,0.75,0.75,1.0,0.25,0.0,0.25,73,883,UNY.AF,1.0,0.75,0.0114098076047358,0.0052750739981785
0.0,0.0,0.0,0.0,0.75,0.0,0.0,0.0,0.25,0.5,1.0,0.0,0.25,0.0,0.0,0.25,0.0,0.75,0.5,0.5,1.0,0.75,0.75,0.75,74,883,UNY.AF,1.0,1.0,0.0079562983834243,0.0072713883196721
0.75,0.75,0.75,0.75,1.0,0.0,0.0,1.0,1.0,1.0,0.75,1.0,1.0,0.75,0.75,0.75,0.75,1.0,0.75,0.75,0.5,1.0,1.0,1.0,75,883,UNY.AF,0.5,0.0,-0.0005391905737704,-0.0047067110655737
0.75,0.75,0.75,0.75,0.75,0.0,0.0,1.0,1.0,0.0,0.5,1.0,1.0,0.75,0.5,0.5,0.5,1.0,0.5,0.5,0.25,1.0,1.0,1.0,76,883,UNY.AF,0.25,0.0,-0.0014717810792348,-0.0050127362249543
0.75,0.75,0.75,0.75,1.0,0.0,0.0,1.0,1.0,0.0,0.25,1.0,1.0,1.0,0.75,0.75,0.75,1.0,0.25,0.25,0.25,1.0,1.0,1.0,77,883,UNY.AF,0.0,0.0,-0.0055665129781421,-0.0086703096539161
0.75,0.75,0.75,0.75,1.0,0.0,0.0,0.75,1.0,1.0,0.25,0.75,1.0,0.75,1.0,1.0,0.5,0.5,0.75,0.75,0.25,0.5,0.5,0.5,78,883,UNY.AF,0.0,0.0,-0.0061347336065573,-0.0042112790300545
0.75,0.75,0.75,0.5,1.0,0.25,0.0,0.75,1.0,1.0,0.25,0.0,1.0,0.75,0.5,0.5,0.25,0.25,0.5,0.5,0.25,0.25,0.25,0.25,79,883,UNY.AF,0.5,0.25,-0.0006849100637522,-0.0016320867486339
0.5,0.75,0.75,0.75,0.5,0.5,0.0,0.75,0.75,0.25,0.25,0.0,0.5,0.75,0.25,0.25,0.75,0.75,0.25,0.25,0.0,0.0,0.0,0.0,80,883,UNY.AF,0.0,0.0,-0.0041675204918032,-0.0035409551457195
0.75,0.75,0.75,0.75,0.5,0.5,0.0,0.75,0.75,0.0,0.25,0.5,0.25,0.75,0.75,0.75,0.75,1.0,0.0,0.0,0.0,0.75,0.0,0.75,81,883,UNY.AF,0.0,0.0,-0.0035409551457195,-0.0050710097905283
0.75,0.75,0.75,0.75,0.5,0.75,0.0,0.75,0.75,0.75,0.0,0.75,0.0,0.75,1.0,1.0,1.0,0.5,0.75,0.75,0.0,1.0,0.0,1.0,82,883,UNY.AF,0.0,0.0,-0.0031037966757739,-0.004400685906193
0.75,0.75,0.25,0.0,0.75,0.75,0.0,0.25,1.0,1.0,0.0,0.0,0.0,0.75,0.5,0.5,0.5,0.25,0.75,0.75,0.0,0.5,0.0,0.5,83,883,UNY.AF,0.75,0.75,0.0019234545765027,0.0037303620218579
0.0,0.25,0.25,0.5,0.5,0.75,0.0,0.5,0.75,0.0,0.0,0.0,0.25,0.75,0.25,0.25,0.25,0.75,0.5,0.5,0.0,0.75,0.75,0.75,84,883,UNY.AF,0.5,0.5,-0.0009471766848816,-0.0004808458561019
0.5,0.5,0.25,0.0,0.5,0.75,0.25,0.25,0.75,1.0,0.0,0.0,0.0,0.0,0.75,0.75,0.75,0.5,0.75,0.75,0.5,0.5,0.5,0.5,85,883,UNY.AF,0.5,0.75,0.0006265653460837,0.0013697489754097
0.25,0.5,0.25,0.5,0.5,0.75,0.25,0.5,0.5,0.0,0.0,0.75,0.0,0.0,0.5,0.5,0.5,0.75,0.5,0.5,0.75,0.75,0.75,0.25,86,883,UNY.AF,0.25,0.5,-0.0015300546448088,-0.0006849100637522
0.5,0.5,0.5,0.5,0.25,0.75,0.25,0.5,0.0,0.5,0.25,0.5,0.0,0.0,0.75,0.75,0.75,0.5,0.25,0.75,0.75,0.5,1.0,0.0,87,883,UNY.AF,0.25,0.75,-0.001296889230419,0.0010928961748633
0.5,0.5,0.25,0.5,0.25,0.5,0.5,0.5,0.5,0.75,0.25,0.75,0.75,0.0,1.0,0.5,0.5,0.25,0.75,0.75,0.75,0.75,1.0,0.75,88,883,UNY.AF,0.75,0.5,0.0018069074453551,-0.0006994250910746
0.5,0.5,0.25,0.25,0.0,0.5,0.5,0.25,0.5,0.75,0.25,0.25,0.25,0.25,0.5,0.75,0.75,0.0,0.75,0.75,1.0,0.5,0.5,1.0,89,883,UNY.AF,0.5,0.5,0.0004663308287796,0.0001166182832422
0.25,0.25,0.25,0.25,0.25,0.5,0.5,0.25,0.25,0.5,0.5,0.25,0.5,0.0,0.25,0.5,0.5,0.0,0.5,0.5,1.0,0.25,0.75,0.5,90,883,UNY.AF,0.5,0.5,0.000743183629326,-2.917235883426184e-05
0.25,0.25,0.25,0.25,0.0,0.25,0.5,0.25,0.0,0.5,0.75,0.25,0.25,0.0,0.0,0.75,0.75,0.0,0.25,0.25,1.0,0.75,0.5,0.25,91,883,UNY.AF,0.5,0.75,0.0008451445810565,0.0013697489754098
0.25,0.25,0.25,0.25,0.0,0.25,0.5,0.25,0.5,0.5,1.0,0.5,0.25,0.0,0.75,1.0,0.5,0.0,0.75,0.75,1.0,1.0,0.75,0.75,92,883,UNY.AF,0.75,0.75,0.0023897854052823,0.0025063325364299
0.25,0.5,0.5,0.75,0.5,0.25,0.5,0.75,0.75,0.0,1.0,1.0,0.75,0.75,1.0,1.0,0.75,0.75,0.75,0.5,1.0,1.0,1.0,1.0,93,883,UNY.AF,0.25,0.5,-0.0025063325364298,-0.0002622666211292
0.75,0.5,0.5,0.5,0.0,0.25,0.75,0.5,0.5,1.0,1.0,0.75,0.5,0.25,1.0,1.0,0.75,0.5,0.5,0.75,1.0,0.5,0.5,0.5,94,883,UNY.AF,0.5,0.5,-0.0003497125455373,0.000582877959927
0.5,0.5,0.5,0.25,0.0,0.25,0.75,0.5,0.0,0.75,1.0,0.75,0.5,0.5,0.5,0.5,0.5,0.25,0.25,0.5,0.5,0.25,0.75,0.75,95,883,UNY.AF,0.5,0.75,-0.0007723559881602,0.0020254866803278
0.25,0.25,0.25,0.5,0.0,0.25,0.5,0.5,0.25,0.5,1.0,0.0,0.75,0.25,0.25,0.25,0.25,0.75,0.75,0.25,0.25,0.0,1.0,0.5,96,883,UNY.AF,0.5,0.75,0.0005246043943533,0.0066156506147541
0.5,0.5,0.5,0.5,0.0,0.5,0.5,0.75,0.25,0.25,0.75,0.75,0.75,0.5,0.75,0.75,0.75,1.0,0.75,0.0,0.25,0.75,1.0,0.75,97,883,UNY.AF,0.5,1.0,0.0001165471311476,0.0134061930783243
0.5,0.5,0.5,0.25,0.0,0.25,0.5,0.25,0.5,1.0,0.75,0.5,0.0,0.25,1.0,1.0,0.5,0.5,0.75,0.75,0.25,0.5,0.5,0.5,98,883,UNY.AF,0.75,1.0,0.0022440659153005,0.0128087289389798
0.25,0.25,0.5,0.25,0.0,0.25,0.5,0.25,0.0,0.5,0.5,0.5,0.5,0.5,0.5,0.25,0.75,0.75,0.5,0.5,0.25,0.75,0.75,0.75,99,883,UNY.AF,0.5,1.0,0.0009325905054644,0.0125755635245901
0.5,0.25,0.25,0.25,0.0,0.25,0.5,0.25,0.25,0.75,0.5,0.0,0.25,0.5,0.75,0.25,0.5,0.5,0.75,0.75,0.0,0.5,0.5,0.5,100,883,UNY.AF,0.75,1.0,0.0027978426684881,0.013974556010929
0.25,0.5,0.25,0.5,0.0,0.5,0.25,0.75,0.5,0.0,0.5,0.75,0.5,0.5,0.5,1.0,0.75,0.75,0.75,0.5,0.0,0.75,0.75,0.75,101,883,UNY.AF,1.0,1.0,0.0060910462204007,0.0111329548041895
0.5,0.5,0.75,0.5,0.0,0.5,0.25,0.75,0.0,0.25,0.25,0.75,0.5,0.75,0.75,1.0,0.75,1.0,0.5,0.75,0.0,1.0,0.5,1.0,102,883,UNY.AF,1.0,1.0,0.0132896459471767,0.0105209756375226
0.5,0.5,0.75,0.75,0.0,0.5,0.25,0.75,0.0,0.5,0.25,0.75,0.75,0.5,1.0,0.5,1.0,1.0,0.25,0.75,0.5,1.0,0.75,0.5,103,883,UNY.AF,1.0,1.0,0.0105646630236793,0.0102295366575591
0.75,0.75,0.75,0.5,0.0,0.5,0.5,0.5,0.25,0.75,0.25,0.5,0.75,0.5,1.0,0.75,1.0,0.5,0.75,0.75,0.5,0.5,0.5,0.75,104,883,UNY.AF,1.0,1.0,0.0116429730191256,0.0120947176684882
0.5,0.5,0.75,0.75,0.0,0.5,0.5,0.75,0.25,0.25,0.25,0.5,0.75,0.75,0.5,0.5,1.0,0.75,0.5,0.5,0.25,0.75,0.75,1.0,105,883,UNY.AF,1.0,1.0,0.0111767133424408,0.0152131005236794
0.75,0.75,0.75,0.75,0.75,0.5,0.5,1.0,1.0,0.0,0.25,1.0,1.0,0.75,0.75,0.75,1.0,1.0,0.75,0.25,0.25,1.0,1.0,1.0,106,883,UNY.AF,1.0,1.0,0.0050419085837887,0.0149508339025501
0.75,0.75,0.75,0.75,1.0,0.75,0.75,1.0,1.0,0.0,0.25,1.0,1.0,1.0,1.0,1.0,1.0,1.0,0.75,0.0,0.25,1.0,1.0,1.0,107,883,UNY.AF,0.0,1.0,-0.0027686703096541,0.0084517304189435
1.0,0.75,0.75,0.75,1.0,0.75,0.75,1.0,0.75,1.0,0.25,1.0,1.0,1.0,1.0,1.0,1.0,0.5,0.5,0.75,0.25,0.5,0.5,0.5,108,883,UNY.AF,0.5,1.0,-0.0003351263661202,0.0121529912340621
0.75,0.75,0.75,0.75,0.75,0.75,0.75,1.0,0.75,0.5,0.0,1.0,1.0,1.0,0.5,0.5,0.5,0.25,0.25,0.5,0.0,0.25,0.75,0.25,109,883,UNY.AF,0.5,1.0,0.0004517446493625,0.0171220400728597
0.75,0.75,0.75,0.75,0.25,0.75,0.75,1.0,0.5,0.25,0.0,0.25,1.0,1.0,0.25,0.25,0.75,1.0,0.0,0.25,0.0,0.0,0.5,0.75,110,883,UNY.AF,1.0,1.0,0.0040363871812385,0.0247431409380691
0.75,0.75,0.75,0.75,0.25,0.75,0.75,1.0,0.5,0.75,0.0,0.25,1.0,0.75,0.75,0.25,0.5,0.5,0.75,0.75,0.0,0.75,0.25,0.5,111,883,UNY.AF,1.0,1.0,0.0099089253187614,0.0321165613615663
0.75,0.75,0.75,0.75,0.0,0.75,0.75,1.0,0.25,0.25,0.0,0.5,0.0,0.75,0.5,0.0,0.75,0.75,0.5,0.5,0.0,1.0,0.0,0.25,112,883,UNY.AF,1.0,1.0,0.0112204007285976,0.0308488444899819
0.75,0.75,0.75,0.75,0.0,0.75,0.75,1.0,0.0,0.5,0.0,0.25,0.5,0.75,0.75,0.0,0.75,0.5,0.25,0.75,0.0,0.5,0.75,0.0,113,883,UNY.AF,1.0,1.0,0.0124881176001823,0.0306010928961748
0.75,0.75,0.75,0.75,0.0,0.75,0.75,1.0,0.0,0.25,0.0,0.75,0.5,1.0,0.5,0.0,1.0,0.75,0.0,0.5,0.0,0.75,1.0,0.75,114,883,UNY.AF,1.0,1.0,0.0166702954234971,0.0245391478825136
0.75,1.0,1.0,1.0,1.0,1.0,1.0,1.0,1.0,0.0,0.0,1.0,0.75,1.0,0.75,1.0,1.0,1.0,0.75,0.25,0.0,1.0,1.0,1.0,115,883,UNY.AF,1.0,1.0,0.0207067537568306,0.0169180470173042
1.0,1.0,1.0,1.0,1.0,1.0,1.0,1.0,1.0,0.0,0.0,1.0,1.0,1.0,1.0,1.0,1.0,1.0,0.75,0.0,0.0,1.0,1.0,0.5,116,883,UNY.AF,1.0,1.0,0.0222076360428049,0.0125172899590162
1.0,1.0,1.0,1.0,1.0,1.0,1.0,1.0,0.75,0.0,0.0,1.0,1.0,0.75,1.0,1.0,1.0,1.0,0.5,0.75,0.5,1.0,1.0,0.25,117,883,UNY.AF,1.0,1.0,0.0196284437613842,0.0123424692622948
1.0,1.0,1.0,1.0,1.0,1.0,1.0,1.0,0.5,0.25,0.0,1.0,1.0,1.0,1.0,1.0,1.0,1.0,0.25,0.75,0.75,0.5,1.0,0.75,118,883,UNY.AF,1.0,1.0,0.0181129752959925,0.0119635843579233
1.0,1.0,1.0,1.0,1.0,1.0,1.0,1.0,1.0,0.0,0.0,1.0,1.0,1.0,1.0,1.0,1.0,1.0,0.75,0.5,0.5,0.75,1.0,1.0,119,883,UNY.AF,1.0,1.0,0.0078688524590164,0.0073880066029143
1.0,1.0,1.0,1.0,1.0,1.0,1.0,1.0,1.0,0.0,0.0,1.0,1.0,1.0,1.0,1.0,1.0,1.0,0.75,0.25,0.25,1.0,1.0,1.0,120,883,UNY.AF,0.0,0.25,-0.0037887067395263,-0.0024480589708559
1.0,1.0,1.0,1.0,1.0,1.0,1.0,1.0,1.0,0.0,0.0,1.0,1.0,1.0,1.0,1.0,1.0,1.0,0.75,0.75,0.25,1.0,1.0,1.0,121,883,UNY.AF,0.0,0.0,-0.0096903460837887,-0.0124444302140254
1.0,1.0,1.0,1.0,1.0,1.0,1.0,1.0,1.0,0.75,0.0,1.0,1.0,1.0,1.0,1.0,1.0,0.5,0.5,0.75,0.25,0.5,0.5,0.5,122,883,UNY.AF,0.0,0.0,-0.0072859744990894,-0.012342469262295
1.0,1.0,1.0,1.0,1.0,1.0,1.0,1.0,1.0,0.5,0.0,1.0,1.0,1.0,0.5,1.0,1.0,0.25,0.75,0.5,0.25,0.25,0.25,0.25,123,883,UNY.AF,0.0,0.0,-0.0061493909380692,-0.0135810849271402
1.0,1.0,1.0,1.0,1.0,1.0,1.0,1.0,1.0,1.0,0.0,0.0,1.0,1.0,0.75,0.5,0.5,0.0,0.5,0.75,0.0,0.0,0.0,0.0,124,883,UNY.AF,0.5,0.0,-0.000480845856102,-0.0071839423952642
1.0,1.0,1.0,1.0,1.0,1.0,1.0,1.0,1.0,1.0,0.0,0.0,0.0,1.0,0.5,0.25,0.25,0.0,0.25,0.5,0.0,0.0,0.0,0.0,125,883,UNY.AF,0.75,0.25,0.0013406477686703,-0.0021857923497268
1.0,1.0,1.0,1.0,1.0,1.0,1.0,1.0,1.0,0.5,0.0,0.0,0.0,1.0,0.25,0.25,0.0,0.0,0.75,0.25,0.5,0.75,0.0,0.0,126,883,UNY.AF,0.0,0.25,-0.0027540841302367,-0.0028852174408013
1.0,1.0,1.0,1.0,0.75,1.0,1.0,1.0,0.75,0.25,0.0,0.25,0.0,1.0,0.75,0.0,0.75,0.75,0.5,0.0,0.5,1.0,0.75,0.0,127,883,UNY.AF,0.0,0.0,-0.0050564947632056,-0.0044736168032786
1.0,1.0,1.0,1.0,0.75,1.0,1.0,1.0,1.0,0.25,0.0,0.75,0.0,1.0,1.0,0.75,0.75,1.0,0.75,0.75,0.5,1.0,1.0,0.0,128,883,UNY.AF,0.0,0.0,-0.007431693989071,-0.0045609915755919
1.0,1.0,1.0,1.0,0.5,1.0,1.0,1.0,0.75,0.25,0.0,1.0,0.5,0.75,1.0,0.5,1.0,1.0,0.5,0.75,0.75,1.0,1.0,0.0,129,883,UNY.AF,0.0,0.25,-0.0067030965391621,-0.0032350011384334
1.0,1.0,1.0,1.0,0.25,1.0,1.0,1.0,0.25,1.0,0.0,0.5,0.75,0.25,1.0,0.25,0.5,0.5,0.25,0.75,0.75,0.5,1.0,0.0,130,883,UNY.AF,0.0,0.5,-0.0035264401183972,-0.0001020321038252
1.0,1.0,1.0,1.0,1.0,1.0,1.0,0.75,0.75,1.0,0.0,0.0,0.0,0.0,0.5,0.25,0.25,0.25,0.75,0.75,0.75,0.25,0.5,0.0,131,883,UNY.AF,0.5,0.75,-0.0001311333105646,0.0014571948998178
1.0,1.0,1.0,1.0,0.75,1.0,1.0,0.75,0.75,0.75,0.0,0.0,0.0,0.0,0.25,0.0,0.0,0.0,0.5,0.5,1.0,0.0,0.25,0.75,132,883,UNY.AF,0.5,0.75,0.000582877959927,0.0011657559198543
1.0,1.0,1.0,1.0,0.75,1.0,1.0,0.75,0.75,1.0,0.25,0.0,0.0,0.0,0.0,0.0,0.0,0.0,0.25,0.75,1.0,0.0,0.0,0.5,133,883,UNY.AF,0.75,0.75,0.002870702413479,0.002783256489071
1.0,1.0,1.0,1.0,0.75,1.0,1.0,0.75,0.75,0.25,0.25,0.25,0.0,0.0,0.0,0.0,0.0,0.75,0.75,0.5,1.0,0.75,0.75,0.75,134,883,UNY.AF,0.75,0.5,0.0034680954007286,
1.0,1.0,1.0,1.0,0.75,1.0,1.0,0.75,0.75,0.0,0.5,0.75,0.0,0.25,0.75,0.75,0.75,1.0,0.75,0.25,1.0,1.0,1.0,1.0,135,883,UNY.AF,0.75,0.5,0.003424408014572,
1.0,1.0,1.0,1.0,0.25,1.0,1.0,0.75,0.0,0.75,1.0,0.75,0.5,0.25,1.0,0.5,0.75,0.5,0.5,0.75,1.0,1.0,1.0,0.5,136,883,UNY.AF,0.75,0.5,0.0015883282103825,
1.0,1.0,1.0,1.0,0.5,1.0,1.0,0.75,0.5,0.75,1.0,0.75,0.5,0.0,0.5,0.75,0.5,0.25,0.75,0.5,1.0,0.5,1.0,0.25,137,883,UNY.AF,0.5,0.5,0.0005828779599272,
1.0,1.0,1.0,1.0,0.25,1.0,1.0,0.75,0.25,0.25,1.0,0.5,0.75,0.0,0.25,0.5,0.75,0.75,0.5,0.25,1.0,0.25,1.0,0.0,138,883,UNY.AF,0.5,0.5,-8.744592440801391e-05,
1.0,1.0,1.0,1.0,0.75,1.0,1.0,0.75,0.5,0.0,1.0,0.75,0.75,0.0,0.75,0.75,0.75,1.0,0.75,0.0,1.0,0.75,1.0,0.75,139,883,UNY.AF,0.5,0.5,,
1.0,1.0,1.0,1.0,0.5,1.0,1.0,1.0,0.75,0.0,1.0,1.0,0.75,0.5,1.0,1.0,1.0,1.0,0.75,0.0,0.5,1.0,0.5,1.0,140,883,UNY.AF,0.5,0.5,,
1.0,1.0,1.0,1.0,0.5,1.0,1.0,0.75,0.75,1.0,1.0,0.75,0.75,0.5,1.0,0.5,0.5,0.5,0.75,0.75,0.25,0.5,0.25,1.0,141,883,UNY.AF,0.5,0.5,,
1.0,1.0,1.0,1.0,0.25,1.0,1.0,0.75,0.25,0.75,1.0,0.25,0.5,0.5,0.5,0.25,0.25,0.25,0.5,0.5,0.25,0.25,0.0,0.5,142,883,UNY.AF,0.5,0.5,,
1.0,1.0,1.0,1.0,0.0,1.0,1.0,0.75,0.0,0.5,0.75,0.0,0.5,0.75,0.25,0.25,0.75,0.75,0.25,0.25,0.25,0.0,0.0,0.75,143,883,UNY.AF,0.5,0.5,,
0.0,0.0,0.0,0.0,0.0,0.5,0.5,0.25,0.75,0.0,0.5,1.0,1.0,1.0,0.5,0.5,0.5,0.5,0.5,0.5,0.5,0.5,0.5,0.5,0,883,BOPY.AF,1.0,1.0,0.0155038616418131,0.020348823025395
0.0,0.0,0.0,0.0,1.0,0.5,0.5,0.25,0.5,0.0,0.5,1.0,1.0,1.0,0.75,0.5,0.75,0.75,0.5,0.5,0.5,0.75,0.75,0.75,1,883,BOPY.AF,1.0,0.75,0.0164728391328808,0.0106589002582313
0.0,0.0,0.0,0.0,0.25,0.5,0.5,0.25,0.5,0.75,0.5,1.0,1.0,1.0,1.0,0.25,1.0,0.5,0.25,0.75,0.75,0.5,0.5,0.5,2,883,BOPY.AF,1.0,1.0,0.013565906659678,0.065891430459767
0.0,0.0,0.0,0.0,0.75,0.5,0.5,0.25,0.5,0.0,0.5,0.75,1.0,1.0,0.5,1.0,1.0,0.75,0.75,0.5,0.75,0.25,0.75,0.75,3,883,BOPY.AF,1.0,1.0,0.0077519677850285,0.0445736299433044
0.0,0.0,0.0,0.0,1.0,0.5,0.5,0.25,0.75,0.0,0.5,1.0,1.0,1.0,0.75,1.0,1.0,1.0,1.0,0.25,0.75,0.75,1.0,1.0,4,883,BOPY.AF,0.75,1.0,0.0048449613835819,0.0329457521940055
0.0,0.0,0.0,0.0,0.75,0.5,0.5,0.25,0.5,0.25,0.5,1.0,1.0,1.0,1.0,0.5,1.0,0.5,0.5,0.75,1.0,1.0,0.5,0.5,5,883,BOPY.AF,0.75,1.0,0.0048449613835819,0.0387596910686549
0.0,0.0,0.0,0.0,0.75,0.5,0.5,0.25,0.75,0.0,0.5,1.0,1.0,1.0,1.0,0.75,0.5,0.75,0.75,0.5,1.0,0.5,0.75,0.75,6,883,BOPY.AF,0.25,1.0,-0.0058139388746495,0.0310077972118701
0.0,0.0,0.0,0.0,1.0,0.5,0.5,0.25,0.75,0.75,0.5,0.0,1.0,1.0,1.0,0.5,0.25,0.5,1.0,0.75,1.0,0.25,0.5,0.5,7,883,BOPY.AF,1.0,1.0,0.052325523800089,0.0406976460507901
0.0,0.0,0.0,0.0,0.5,0.5,0.5,0.25,0.25,0.25,0.5,0.25,0.75,1.0,0.25,0.25,0.75,0.75,0.5,0.5,1.0,0.75,0.25,0.75,8,883,BOPY.AF,1.0,1.0,0.0368216621582759,0.0358526846672082
0.0,0.0,0.0,0.0,0.75,0.0,0.5,0.25,0.75,0.0,1.0,0.5,0.75,1.0,0.75,0.75,1.0,1.0,0.75,0.25,1.0,1.0,0.0,1.0,9,883,BOPY.AF,1.0,1.0,0.0281007908104236,0.0251937844089769
0.0,0.0,0.0,0.0,0.5,0.0,0.5,0.25,0.25,0.5,1.0,1.0,0.75,0.75,1.0,0.5,1.0,0.5,0.5,0.75,0.5,1.0,0.0,0.5,10,883,BOPY.AF,1.0,1.0,0.033914729685073,0.0377907135775872
0.0,0.0,0.0,0.0,1.0,0.0,0.5,0.25,0.75,0.75,1.0,0.5,0.0,0.75,0.5,0.75,0.5,0.25,0.75,1.0,0.25,0.5,0.0,0.25,11,883,BOPY.AF,1.0,1.0,0.0368217360865197,0.0426356749611691
0.0,0.75,0.0,0.75,1.0,0.0,0.5,0.25,0.75,0.0,1.0,1.0,1.0,1.0,0.25,1.0,0.75,0.75,1.0,0.5,0.25,0.75,0.75,0.75,12,883,BOPY.AF,0.0,0.0,-0.0116278777492988,-0.0096899227671636
0.5,0.5,0.5,0.25,1.0,0.0,0.5,0.25,0.75,0.75,1.0,1.0,1.0,1.0,1.0,0.5,1.0,0.5,0.5,0.75,0.25,0.5,0.5,0.5,13,883,BOPY.AF,0.5,0.5,-0.0009689774910677,0.0
0.0,0.5,0.0,0.5,1.0,0.0,0.5,1.0,0.75,0.0,1.0,1.0,1.0,1.0,0.5,0.25,0.5,0.75,0.75,0.5,0.25,0.75,0.25,0.25,14,883,BOPY.AF,0.25,0.75,-0.0029070064014466,0.0038759099642704
0.5,0.5,0.5,0.5,0.0,0.0,0.5,1.0,0.5,0.0,1.0,0.0,1.0,1.0,0.75,0.25,0.75,1.0,0.5,0.75,0.0,0.5,0.75,0.75,15,883,BOPY.AF,0.75,0.5,0.0038759838925142,0.0
0.5,0.5,0.5,0.5,0.25,0.0,0.5,1.0,0.5,0.75,1.0,0.5,1.0,1.0,1.0,0.0,1.0,0.5,0.25,1.0,0.0,0.75,1.0,0.5,16,883,BOPY.AF,0.75,0.0,0.0058139388746494,-0.0077519677850285
0.5,0.25,0.25,0.5,0.5,0.0,0.5,1.0,0.5,0.25,1.0,0.5,0.0,1.0,0.5,0.0,0.25,0.75,1.0,0.5,0.0,1.0,0.5,0.75,17,883,BOPY.AF,0.75,0.0,0.0019379549821352,-0.0096899227671637
0.25,0.25,0.25,0.25,0.0,0.0,0.5,1.0,0.0,0.5,1.0,0.0,0.25,1.0,0.25,0.0,0.75,0.5,0.5,0.75,0.0,0.5,0.75,0.5,18,883,BOPY.AF,0.5,0.25,0.0009689774910677,-0.0058139388746494
0.25,0.25,0.25,0.25,0.75,0.0,0.0,1.0,0.0,0.5,0.0,0.25,0.25,1.0,0.0,0.0,0.5,0.25,0.75,1.0,0.0,0.75,0.5,0.25,19,883,BOPY.AF,0.75,0.5,0.0067829163657171,0.0
0.5,0.5,0.5,0.5,0.25,0.25,0.0,1.0,0.5,0.0,0.0,0.75,0.5,1.0,1.0,1.0,0.75,0.75,1.0,0.5,0.0,1.0,0.75,0.75,20,883,BOPY.AF,0.25,0.0,-0.0038759838925142,-0.0106589002582313
0.5,0.5,0.5,0.5,0.5,0.5,0.0,1.0,0.5,0.75,0.0,1.0,0.75,1.0,1.0,1.0,1.0,0.5,0.5,0.75,0.0,1.0,1.0,1.0,21,883,BOPY.AF,0.0,0.0,-0.0135659066596779,-0.0087209452760961
0.5,0.5,0.5,0.5,0.5,0.5,0.0,1.0,0.25,0.75,0.0,1.0,0.5,0.0,0.5,0.25,0.5,0.25,0.25,1.0,0.5,0.5,0.5,0.5,22,883,BOPY.AF,0.0,0.25,-0.0116278777492989,-0.0038759099642704
0.5,0.25,0.5,0.25,0.25,0.5,0.0,1.0,0.25,0.5,0.0,0.0,0.5,0.5,0.25,0.25,0.25,0.0,0.25,0.5,0.75,0.25,0.25,0.75,23,883,BOPY.AF,0.0,0.25,-0.0067829163657171,-0.0019379549821353
0.5,0.5,0.5,0.5,0.5,0.5,0.0,1.0,0.5,0.75,0.0,0.25,0.75,0.5,0.75,0.75,0.0,0.75,0.75,0.75,0.75,0.75,0.75,1.0,24,883,BOPY.AF,0.0,0.25,-0.0067829163657171,-0.0029069324732028
0.5,0.5,0.5,0.5,0.0,0.5,0.0,1.0,0.0,0.5,0.0,0.5,0.25,0.5,0.5,0.5,1.0,1.0,0.5,0.5,0.75,1.0,0.5,0.5,25,883,BOPY.AF,0.0,0.25,-0.0067829163657171,-0.0067829163657171
0.5,0.25,0.25,0.0,1.0,0.25,0.0,0.5,0.75,0.75,0.0,0.0,0.0,0.0,0.25,0.25,0.5,0.25,0.75,0.75,1.0,0.5,0.25,0.25,26,883,BOPY.AF,0.75,0.75,0.0048449613835818,0.0048449613835818
0.25,0.0,0.25,0.0,0.5,0.25,0.0,0.5,0.0,0.5,0.25,0.0,0.0,0.0,0.0,0.25,0.25,0.0,0.5,0.5,1.0,0.25,0.75,0.0,27,883,BOPY.AF,1.0,0.75,0.0077519677850285,0.0048449613835818
0.0,0.0,0.25,0.0,0.5,0.25,0.0,0.5,0.0,0.5,0.25,0.0,0.0,0.25,0.0,0.0,0.0,0.0,0.25,0.25,1.0,0.0,1.0,0.75,28,883,BOPY.AF,0.75,0.75,0.0048449613835818,0.0038759838925142
0.25,0.25,0.25,0.25,0.0,0.25,0.25,0.75,0.0,0.5,0.25,0.75,0.0,0.5,0.75,0.75,1.0,1.0,0.25,0.0,1.0,1.0,1.0,1.0,29,883,BOPY.AF,0.75,0.75,0.0038759838925143,0.0029070064014466
0.25,0.25,0.25,0.25,0.25,0.25,0.25,0.75,0.0,0.5,0.5,0.75,0.0,0.0,1.0,1.0,1.0,1.0,0.0,0.0,1.0,1.0,1.0,0.5,30,883,BOPY.AF,0.5,0.75,0.0,0.0029070064014466
0.25,0.25,0.25,0.25,0.25,0.25,0.25,0.75,0.0,0.5,0.75,0.75,0.75,0.0,1.0,1.0,1.0,1.0,0.0,0.0,1.0,1.0,1.0,0.75,31,883,BOPY.AF,0.5,0.75,0.0,0.0019379549821353
0.25,0.25,0.25,0.5,0.5,0.25,0.25,0.75,0.25,0.25,0.75,0.75,0.75,0.25,1.0,1.0,1.0,1.0,1.0,0.0,0.5,0.0,1.0,1.0,32,883,BOPY.AF,0.25,0.25,-0.0029070064014466,-0.0038759838925143
0.25,0.25,0.25,0.25,0.25,0.25,0.25,0.75,0.0,0.5,0.75,0.5,0.75,0.25,1.0,0.5,1.0,0.5,0.5,0.75,0.5,0.0,0.5,1.0,33,883,BOPY.AF,0.5,0.5,-0.0009689774910676,0.0009689774910676
0.5,0.25,0.5,0.5,0.0,0.25,0.25,0.75,0.0,0.5,0.75,0.75,0.5,0.25,1.0,0.75,1.0,0.75,0.25,1.0,0.75,0.75,0.25,0.5,34,883,BOPY.AF,0.5,0.0,-0.0009689774910676,-0.0087209452760961
0.25,0.25,0.25,0.25,0.25,0.0,0.25,0.75,0.0,0.5,0.75,0.25,0.5,0.25,0.5,0.5,0.5,0.5,0.25,1.0,0.75,0.5,0.0,0.25,35,883,BOPY.AF,0.75,0.0,0.0029070064014466,-0.0116278777492989
0.25,0.25,0.25,0.25,0.25,0.25,0.25,0.5,0.0,0.5,0.75,0.5,0.5,0.5,0.25,0.25,0.25,0.25,0.0,1.0,0.5,0.75,0.0,0.75,36,883,BOPY.AF,0.75,0.25,0.0019379549821353,-0.0048449613835818
0.25,0.25,0.25,0.25,0.5,0.25,0.25,0.5,0.0,0.5,0.75,0.25,0.25,0.5,0.0,0.25,0.0,0.0,0.0,1.0,0.25,0.5,0.0,1.0,37,883,BOPY.AF,0.5,0.0,-0.0009689774910676,-0.0106589002582313
0.25,0.25,0.25,0.25,0.75,0.25,0.25,0.5,0.25,0.75,0.75,0.25,0.5,0.5,1.0,1.0,0.0,0.0,1.0,1.0,0.25,0.75,0.75,0.25,38,883,BOPY.AF,0.75,0.0,0.0019379549821352,-0.0077519677850285
0.5,0.25,0.5,0.5,0.0,0.25,0.25,0.75,0.0,0.5,0.75,0.75,0.5,0.5,1.0,1.0,0.75,0.75,0.5,0.5,0.25,1.0,1.0,0.0,39,883,BOPY.AF,0.0,0.0,-0.0077519677850285,-0.0077519677850285
0.5,0.25,0.5,0.5,0.0,0.25,0.25,0.75,0.0,0.5,0.5,0.75,0.5,0.5,1.0,1.0,1.0,1.0,0.25,0.25,0.25,1.0,1.0,0.0,40,883,BOPY.AF,0.0,0.0,-0.0145348841507456,-0.0077519677850285
0.25,0.25,0.5,0.25,0.25,0.25,0.25,0.75,0.0,0.5,0.5,0.5,0.5,0.5,0.25,0.25,0.25,0.25,0.25,0.0,0.0,0.25,0.5,0.0,41,883,BOPY.AF,0.0,0.25,-0.0067829163657171,-0.0058139388746495
0.25,0.25,0.25,0.25,0.0,0.25,0.25,0.5,0.0,0.5,0.5,0.25,0.5,0.25,0.0,0.25,0.0,0.0,0.0,0.0,0.5,0.0,0.25,0.0,42,883,BOPY.AF,0.0,0.25,-0.0096899227671637,-0.0029070064014465
0.25,0.25,0.25,0.25,0.0,0.25,0.25,0.5,0.0,0.5,0.5,0.25,0.5,0.5,0.75,0.75,0.75,0.75,0.0,0.0,0.5,0.75,0.75,0.75,43,883,BOPY.AF,0.0,0.25,-0.0096899227671637,-0.0077518938567846
0.25,0.0,0.25,0.0,1.0,0.25,0.25,0.0,0.25,0.75,0.5,0.0,0.0,0.0,0.5,0.5,0.5,0.5,1.0,1.0,0.5,0.5,0.5,0.5,44,883,BOPY.AF,0.5,0.75,0.0,0.0077519677850285
0.0,0.0,0.0,0.0,0.0,0.0,0.0,0.0,0.5,0.75,0.5,0.0,0.0,0.0,0.25,0.25,0.25,0.25,1.0,1.0,0.75,0.25,0.25,0.25,45,883,BOPY.AF,0.75,1.0,0.0067829163657171,0.0145348841507456
0.0,0.0,0.0,0.0,0.75,0.0,0.0,0.0,0.5,0.0,0.5,0.0,0.0,0.25,0.0,0.75,0.75,0.75,1.0,0.5,0.75,0.75,0.75,0.75,46,883,BOPY.AF,0.5,1.0,0.0009689774910676,0.020348823025395
0.0,0.0,0.0,0.0,0.5,0.0,0.0,0.0,0.5,0.75,0.75,0.0,0.0,0.0,0.75,1.0,1.0,0.5,1.0,0.75,0.75,0.5,0.5,0.5,47,883,BOPY.AF,0.75,1.0,0.0067829163657171,0.0232558294268416
0.0,0.0,0.0,0.0,0.75,0.0,0.0,0.0,0.5,0.25,0.75,0.5,0.0,0.0,0.5,0.25,0.25,0.75,1.0,0.5,1.0,0.75,0.25,0.75,48,883,BOPY.AF,0.75,1.0,0.001938028910379,0.0155038616418132
0.0,0.0,0.25,0.0,0.75,0.0,0.0,0.0,0.0,0.5,0.75,0.5,0.5,0.0,0.75,0.75,0.75,1.0,0.0,0.75,1.0,0.5,1.0,1.0,49,883,BOPY.AF,1.0,0.75,0.0077519677850285,0.0077519677850285
0.0,0.0,0.0,0.0,0.0,0.0,0.0,0.0,0.25,0.25,1.0,0.75,0.75,0.0,0.5,1.0,0.5,1.0,0.75,0.5,1.0,0.75,1.0,1.0,50,883,BOPY.AF,1.0,1.0,0.0077519677850285,0.0184108680432598
0.0,0.0,0.0,0.25,0.5,0.0,0.0,0.25,0.25,0.25,1.0,0.75,0.5,0.25,0.25,1.0,0.25,1.0,1.0,0.25,1.0,0.5,0.5,1.0,51,883,BOPY.AF,1.0,1.0,0.0193798455343274,0.0164729130611245
0.25,0.0,0.25,0.25,0.0,0.0,0.0,0.25,0.0,0.5,1.0,0.5,0.75,0.25,1.0,1.0,1.0,1.0,0.5,0.75,0.5,0.25,0.75,1.0,52,883,BOPY.AF,1.0,0.75,0.0164729130611245,0.0106589002582313
0.0,0.0,0.0,0.0,0.0,0.0,0.0,0.0,0.0,0.5,1.0,0.25,0.5,0.25,0.5,0.25,0.5,0.25,0.25,1.0,0.5,0.0,0.5,0.5,53,883,BOPY.AF,1.0,0.75,0.0135658327314341,0.0135658327314341
0.0,0.25,0.0,0.5,1.0,0.0,0.0,0.75,0.75,0.0,0.75,1.0,0.75,0.5,0.25,0.75,0.25,0.75,1.0,0.25,0.5,0.75,0.75,0.75,54,883,BOPY.AF,0.5,0.75,0.0,0.0087208713478523
0.5,0.25,0.5,0.5,0.75,0.0,0.0,0.75,0.0,0.5,0.75,1.0,0.75,0.75,1.0,0.5,1.0,1.0,0.5,0.75,0.25,1.0,1.0,1.0,55,883,BOPY.AF,1.0,1.0,0.0106589002582313,0.0281007168821798
0.25,0.5,0.25,0.5,1.0,0.0,0.0,1.0,0.75,0.0,0.5,1.0,1.0,0.75,0.5,0.75,0.5,1.0,0.75,0.5,0.25,1.0,1.0,1.0,56,883,BOPY.AF,0.25,1.0,-0.0029069324732029,0.0145348841507455
0.5,0.5,0.5,0.5,0.25,0.25,0.0,1.0,0.5,0.0,0.25,1.0,1.0,1.0,0.75,0.5,0.75,0.5,0.5,0.75,0.25,0.5,0.5,1.0,57,883,BOPY.AF,0.0,1.0,-0.0058140128028931,0.016472839132881
0.5,0.5,0.5,0.5,0.75,0.25,0.25,0.75,0.25,0.25,0.25,0.75,1.0,0.75,1.0,0.25,1.0,0.25,0.25,1.0,0.25,0.25,0.25,0.5,58,883,BOPY.AF,0.5,1.0,0.0,0.0174418905521922
0.25,0.5,0.25,0.5,0.75,0.25,0.25,0.5,0.75,0.0,0.25,0.0,0.5,0.5,0.5,0.25,0.5,0.0,0.75,0.5,0.0,0.0,0.0,0.25,59,883,BOPY.AF,1.0,1.0,0.0087208713478523,0.0271317393911121
0.25,0.5,0.25,0.5,0.75,0.25,0.25,1.0,0.75,0.0,0.25,0.5,0.75,0.75,0.75,0.75,0.75,0.75,1.0,0.25,0.0,0.75,0.75,0.75,60,883,BOPY.AF,1.0,1.0,0.0174418166239485,0.0164728391328807
0.25,0.5,0.25,0.5,0.75,0.5,0.25,0.75,0.75,0.0,0.25,0.75,0.25,0.75,1.0,0.5,0.5,0.5,1.0,0.75,0.0,1.0,0.5,0.5,61,883,BOPY.AF,1.0,0.75,0.0174418166239485,0.0019379549821352
0.75,0.75,0.5,0.5,1.0,0.5,0.25,0.5,0.75,0.75,0.0,0.75,0.0,0.75,1.0,0.75,0.75,0.25,0.5,1.0,0.0,0.5,0.25,0.25,62,883,BOPY.AF,1.0,1.0,0.0222868519357741,0.0193798455343274
0.5,0.5,0.5,0.5,0.75,0.5,0.25,0.5,0.0,0.5,0.0,0.0,0.5,0.75,0.5,0.5,1.0,0.0,0.25,0.5,0.0,0.25,0.75,0.75,63,883,BOPY.AF,1.0,1.0,0.0174418905521922,0.015503935570057
0.5,0.5,0.5,0.5,0.5,0.5,0.25,0.75,0.0,0.5,0.0,0.25,0.75,0.75,0.75,0.75,1.0,1.0,0.25,0.25,0.0,0.75,1.0,0.5,64,883,BOPY.AF,1.0,0.75,0.0184108680432597,0.0048449613835817
0.5,1.0,0.5,1.0,1.0,0.5,0.25,1.0,0.75,0.0,0.0,1.0,1.0,1.0,1.0,1.0,1.0,1.0,1.0,0.0,0.0,1.0,1.0,0.75,65,883,BOPY.AF,0.5,0.0,-0.0009689774910677,-0.0096899227671638
0.5,1.0,0.5,1.0,0.75,0.5,0.5,1.0,0.75,0.0,0.0,1.0,1.0,0.75,1.0,0.5,1.0,0.5,0.5,0.75,0.5,0.5,1.0,0.5,66,883,BOPY.AF,0.0,0.0,-0.0155038616418132,-0.0096899227671636
1.0,1.0,1.0,1.0,0.5,0.5,0.5,1.0,0.5,0.0,0.0,1.0,1.0,0.75,1.0,0.25,1.0,0.25,0.25,1.0,0.75,0.25,1.0,0.75,67,883,BOPY.AF,0.25,0.0,-0.0029070064014466,-0.0106589002582313
1.0,1.0,1.0,1.0,0.75,0.5,0.5,1.0,0.5,0.5,0.0,0.0,1.0,0.75,1.0,0.25,0.5,0.0,0.75,1.0,0.5,0.0,0.5,1.0,68,883,BOPY.AF,0.25,0.25,-0.0019379549821352,-0.0058139388746494
1.0,1.0,1.0,1.0,0.5,0.75,0.5,1.0,0.5,0.0,0.0,0.5,1.0,1.0,0.25,1.0,0.25,0.75,1.0,0.5,0.25,0.75,0.75,1.0,69,883,BOPY.AF,0.0,0.25,-0.013565906659678,-0.0077518938567846
1.0,1.0,1.0,1.0,0.25,0.75,0.75,1.0,0.0,0.5,0.0,0.5,0.25,0.75,0.75,1.0,1.0,1.0,0.5,0.75,0.5,1.0,0.5,0.5,70,883,BOPY.AF,0.0,0.25,-0.0087209452760961,-0.0077518938567846
1.0,1.0,0.5,0.5,1.0,0.75,0.75,0.5,0.75,0.75,0.0,0.0,0.0,0.5,1.0,1.0,0.5,0.25,0.75,1.0,0.75,0.5,0.25,0.25,71,883,BOPY.AF,0.75,0.75,0.0058139388746496,0.0019379549821352
1.0,1.0,1.0,1.0,0.0,1.0,0.75,0.75,0.25,0.5,0.0,0.25,0.25,0.75,0.25,0.5,0.75,0.75,0.5,0.5,0.5,0.75,0.75,0.75,72,883,BOPY.AF,0.0,0.0,-0.0077518938567846,-0.0096899227671638
1.0,1.0,0.75,0.75,0.75,1.0,0.75,0.75,0.5,0.75,0.0,0.0,0.25,0.75,0.0,0.25,0.5,0.5,0.75,0.75,0.25,0.5,1.0,0.5,73,883,BOPY.AF,0.25,0.25,-0.0038759838925142,-0.0058140128028933
0.75,0.75,0.75,0.75,0.0,1.0,0.75,0.5,0.5,0.75,0.0,0.5,0.0,0.5,0.0,0.25,0.25,0.25,1.0,1.0,0.5,0.75,0.5,0.25,74,883,BOPY.AF,0.75,0.75,0.0058140128028933,0.0038759838925144
0.75,0.75,0.75,0.75,0.0,1.0,0.75,0.5,0.0,0.5,0.25,0.25,0.0,0.0,0.0,0.0,0.75,0.75,0.5,0.5,0.75,0.5,0.75,0.0,75,883,BOPY.AF,0.5,0.75,0.0009690514193114,0.0096899227671638
0.75,0.75,0.75,0.75,1.0,1.0,0.75,0.5,0.0,0.5,0.25,0.25,0.75,0.0,0.0,0.0,0.5,0.5,0.75,0.25,0.75,0.75,1.0,0.75,76,883,BOPY.AF,0.25,0.75,-0.0038759838925144,0.0019380289103789
0.75,0.75,0.75,0.75,0.5,0.75,0.75,0.5,0.0,0.5,0.25,0.5,0.0,0.0,0.0,0.0,0.25,0.25,1.0,1.0,0.75,1.0,0.5,0.5,77,883,BOPY.AF,0.25,0.75,-0.0019380289103791,0.0116278777492988
0.75,0.75,0.75,0.75,0.5,0.75,0.75,0.5,0.0,0.5,0.25,0.25,0.25,0.25,0.0,0.0,0.0,0.0,0.25,0.5,1.0,0.5,0.75,0.75,78,883,BOPY.AF,0.25,0.75,-0.0019380289103791,0.0106589002582313
0.75,0.75,0.75,0.75,0.5,0.75,0.75,0.75,0.0,0.5,0.25,0.5,0.75,0.25,0.75,0.75,1.0,1.0,0.75,0.25,1.0,0.75,1.0,0.5,79,883,BOPY.AF,0.25,0.75,-0.0019380289103789,0.0058139388746494
0.75,0.75,0.75,0.75,0.0,0.75,0.75,0.75,0.0,0.5,0.5,0.75,0.5,0.25,1.0,0.5,1.0,1.0,0.5,0.0,1.0,1.0,0.5,0.25,80,883,BOPY.AF,1.0,1.0,0.0087208713478523,0.0193798455343274
0.75,0.75,0.75,0.75,0.5,0.75,0.75,0.25,0.25,0.75,0.5,0.25,0.25,0.5,0.25,0.25,0.25,0.25,0.75,1.0,1.0,0.5,0.25,1.0,81,883,BOPY.AF,0.75,1.0,0.0058140128028933,0.0193798455343274
0.5,0.5,0.75,0.75,0.0,0.75,0.75,0.25,0.0,0.5,0.75,0.0,0.25,0.0,0.0,0.25,0.0,0.0,0.5,0.5,1.0,0.25,0.75,0.5,82,883,BOPY.AF,1.0,0.75,0.013565906659678,0.013565906659678
0.5,0.5,0.75,0.75,0.25,0.5,0.75,0.25,0.0,0.5,0.75,0.0,0.25,0.25,0.0,0.0,0.0,0.0,0.25,0.25,1.0,0.0,1.0,0.75,83,883,BOPY.AF,1.0,1.0,0.0125969291686105,0.0310077972118703
0.75,0.75,0.75,0.75,0.25,0.75,0.75,0.5,0.0,0.5,1.0,0.75,0.25,0.5,1.0,1.0,1.0,1.0,0.25,0.0,1.0,1.0,1.0,1.0,84,883,BOPY.AF,0.75,0.75,0.0077519677850284,0.0096899227671636
0.75,1.0,0.75,1.0,1.0,0.75,0.75,1.0,0.75,0.0,0.75,1.0,0.75,0.75,1.0,1.0,1.0,1.0,1.0,0.0,0.5,1.0,1.0,1.0,85,883,BOPY.AF,1.0,0.75,0.0106589741864751,0.0029070064014464
1.0,1.0,0.75,0.75,0.75,0.75,0.75,0.5,0.5,0.75,0.75,1.0,0.75,0.5,1.0,0.5,1.0,0.5,0.5,0.75,0.25,0.5,0.5,0.5,86,883,BOPY.AF,1.0,0.75,0.013565832731434,0.0087208713478523
1.0,1.0,1.0,1.0,0.0,0.75,0.75,0.75,0.0,0.5,0.5,1.0,1.0,0.75,0.5,0.25,1.0,0.75,0.25,0.5,0.25,0.75,0.75,0.75,87,883,BOPY.AF,0.5,0.25,0.0,-0.0048449613835819
1.0,1.0,1.0,1.0,0.5,0.75,0.75,0.75,0.0,0.5,0.5,0.25,0.75,0.75,0.25,0.25,0.5,0.5,0.25,0.25,0.25,0.5,0.5,0.5,88,883,BOPY.AF,1.0,0.5,0.0184108680432597,-0.0009689774910677
1.0,1.0,1.0,1.0,0.25,0.75,0.75,0.75,0.0,0.5,0.25,0.75,0.75,0.5,0.0,0.0,0.25,0.25,0.0,0.0,0.25,0.75,0.25,0.25,89,883,BOPY.AF,0.75,0.25,0.0019379549821352,-0.0038759838925142
1.0,1.0,1.0,1.0,0.75,1.0,0.75,1.0,0.75,0.0,0.25,1.0,0.75,0.75,0.75,0.75,0.75,0.75,1.0,0.0,0.0,1.0,0.75,0.75,90,883,BOPY.AF,0.0,0.0,-0.0077519677850286,-0.0164729130611247
1.0,1.0,1.0,1.0,0.75,1.0,1.0,0.75,0.75,0.75,0.25,1.0,1.0,0.75,1.0,1.0,1.0,0.5,0.5,0.75,0.0,0.5,1.0,1.0,91,883,BOPY.AF,0.25,0.0,-0.0048449613835817,-0.0106589002582313
1.0,1.0,1.0,1.0,0.75,1.0,1.0,0.5,0.75,0.75,0.25,0.5,0.5,0.75,0.5,0.5,0.5,0.25,0.75,1.0,0.0,0.25,0.5,0.25,92,883,BOPY.AF,0.25,0.25,-0.0048449613835819,-0.0077518938567846
1.0,1.0,1.0,1.0,1.0,1.0,1.0,1.0,0.75,0.0,0.0,0.75,1.0,1.0,0.25,0.75,0.25,0.75,1.0,0.5,0.0,0.75,0.75,0.75,93,883,BOPY.AF,0.0,0.0,-0.0193798455343274,-0.0242248069179094
1.0,1.0,1.0,1.0,1.0,1.0,1.0,0.5,0.75,0.75,0.0,0.0,0.5,0.75,0.75,0.5,0.75,0.5,0.5,0.75,0.0,0.5,0.5,0.5,94,883,BOPY.AF,0.25,0.0,-0.0058139388746494,-0.0087209452760961
1.0,1.0,1.0,1.0,0.25,1.0,1.0,0.5,0.25,0.25,0.25,0.75,0.0,0.5,0.5,0.25,1.0,0.75,0.25,0.5,0.5,0.75,0.25,0.25,95,883,BOPY.AF,0.0,0.0,-0.0087209452760961,-0.0096899227671636
1.0,1.0,1.0,1.0,0.25,1.0,1.0,0.5,0.25,0.75,0.0,0.0,0.25,0.75,0.75,0.25,1.0,0.5,0.25,0.75,0.5,0.5,0.75,0.75,96,883,BOPY.AF,0.25,0.25,-0.0058139388746496,-0.0048449613835819
1.0,0.75,1.0,1.0,0.5,1.0,1.0,0.0,0.0,0.5,0.25,0.25,0.25,0.25,0.5,0.0,0.25,0.25,0.0,0.5,0.5,0.75,0.5,0.5,97,883,BOPY.AF,0.25,0.5,-0.0029069324732027,-0.0009689774910675
1.0,1.0,1.0,1.0,0.25,1.0,1.0,0.25,0.0,0.5,0.25,0.0,0.0,0.25,0.75,0.75,0.75,0.75,0.0,0.25,0.75,0.5,0.25,0.75,98,883,BOPY.AF,0.25,0.25,-0.0048449613835819,-0.0058139388746494
1.0,1.0,1.0,1.0,1.0,1.0,1.0,0.0,0.5,0.75,0.25,0.0,0.25,0.25,1.0,1.0,0.5,0.5,1.0,1.0,0.75,0.25,0.75,0.5,99,883,BOPY.AF,0.25,0.0,-0.0029070064014466,-0.0077519677850286
1.0,1.0,1.0,1.0,0.25,1.0,1.0,0.0,0.25,0.5,0.25,0.5,0.0,0.0,0.5,0.5,0.75,0.75,0.5,0.5,0.75,0.75,0.5,0.25,100,883,BOPY.AF,0.5,0.0,-0.0009689774910675,-0.0087209452760961
1.0,0.75,0.75,1.0,1.0,1.0,1.0,0.0,0.25,0.25,0.25,0.25,0.0,0.0,0.25,0.25,0.5,1.0,0.25,0.25,1.0,0.5,0.75,0.75,101,883,BOPY.AF,0.5,0.25,0.0009689774910677,-0.0067829163657169
1.0,0.75,0.75,0.75,0.75,1.0,1.0,0.0,0.25,0.75,0.5,0.25,0.25,0.25,0.75,0.25,0.25,0.25,0.25,0.75,1.0,0.75,1.0,1.0,102,883,BOPY.AF,0.75,0.25,0.0019379549821352,-0.0038759838925142
0.75,0.75,1.0,0.75,0.0,1.0,1.0,0.0,0.0,0.5,0.75,0.25,0.25,0.0,0.5,0.0,1.0,0.75,0.0,0.5,1.0,1.0,0.5,0.5,103,883,BOPY.AF,0.5,0.25,-0.0009689774910675,-0.0019380289103789
0.75,0.75,0.75,0.75,0.5,1.0,1.0,0.0,0.0,0.5,1.0,0.25,0.25,0.0,0.25,0.0,0.5,0.5,0.0,0.25,1.0,0.25,0.75,0.75,104,883,BOPY.AF,0.25,0.75,-0.0048449613835819,0.0019380289103789
0.75,0.75,1.0,1.0,0.25,1.0,1.0,0.0,0.25,0.25,1.0,0.5,0.5,0.0,0.75,0.75,0.75,0.75,1.0,0.0,1.0,0.75,1.0,0.5,105,883,BOPY.AF,0.0,0.25,-0.0077519677850286,-0.0019379549821352
1.0,1.0,1.0,1.0,1.0,1.0,1.0,0.25,0.25,0.25,1.0,0.5,0.5,0.25,1.0,1.0,1.0,1.0,1.0,0.0,1.0,1.0,1.0,0.75,106,883,BOPY.AF,0.0,0.25,-0.0077518938567846,-0.0029069324732029
1.0,1.0,1.0,1.0,1.0,1.0,1.0,0.0,0.25,0.75,1.0,0.75,0.5,0.5,1.0,1.0,1.0,0.5,1.0,0.75,0.5,1.0,1.0,1.0,107,883,BOPY.AF,0.25,0.5,-0.0058139388746494,
0.75,0.75,0.75,0.75,1.0,1.0,1.0,0.0,0.25,0.5,1.0,0.25,0.5,0.25,0.5,0.25,0.25,0.25,1.0,0.5,0.5,0.5,0.5,0.5,108,883,BOPY.AF,0.5,0.5,-0.0009690514193114,
0.75,0.75,0.75,0.75,1.0,0.75,1.0,0.0,0.5,0.75,1.0,0.0,0.25,0.0,0.25,0.25,0.0,0.0,1.0,0.75,0.75,0.25,0.25,0.25,109,883,BOPY.AF,0.75,0.5,0.0067829902939609,
0.5,0.5,0.5,0.75,0.5,0.75,1.0,0.0,0.25,0.25,1.0,0.0,0.0,0.0,0.0,0.0,0.0,0.0,0.5,0.5,0.5,0.75,0.0,0.0,110,883,BOPY.AF,0.75,0.5,0.0058140128028933,
0.75,0.75,0.75,0.75,0.0,0.75,1.0,0.0,0.0,0.5,1.0,0.25,0.0,0.25,0.75,0.75,0.75,1.0,0.25,0.75,0.25,1.0,0.75,0.75,111,883,BOPY.AF,0.75,0.5,0.0048449613835817,
0.75,0.75,0.75,0.75,0.0,0.75,1.0,0.0,0.0,0.5,1.0,0.5,0.25,0.25,1.0,1.0,1.0,1.0,0.25,1.0,0.25,1.0,1.0,1.0,112,883,BOPY.AF,0.5,0.5,,
0.75,0.75,0.75,0.75,0.25,0.75,1.0,0.0,0.0,0.5,0.75,0.75,0.25,0.25,1.0,1.0,1.0,1.0,0.0,1.0,0.25,1.0,1.0,1.0,113,883,BOPY.AF,0.5,0.5,,
0.75,0.75,1.0,0.75,0.0,0.75,1.0,0.25,0.0,0.5,0.75,0.75,0.75,0.5,1.0,1.0,1.0,1.0,0.0,1.0,0.25,0.5,1.0,1.0,114,883,BOPY.AF,0.5,0.5,,
0.75,0.75,0.75,0.75,0.25,0.75,0.75,0.0,0.0,0.5,0.75,0.75,0.75,0.25,0.5,0.5,0.5,0.5,0.0,1.0,0.0,0.25,0.5,0.5,115,883,BOPY.AF,0.5,0.5,,
0.75,0.75,0.75,0.75,0.25,0.75,0.75,0.25,0.0,0.25,0.75,0.5,0.5,0.25,0.25,0.75,0.25,0.75,1.0,0.0,0.0,0.0,0.25,0.25,116,883,BOPY.AF,0.5,0.5,,
1.0,1.0,1.0,1.0,0.0,0.5,0.5,1.0,1.0,0.0,0.5,1.0,1.0,1.0,0.5,0.5,0.5,0.5,0.25,0.25,0.5,0.5,0.5,0.5,0,883,ERYVNAPR.AF,0.0,0.0,-0.0036779261656691,-0.0031380916863512
1.0,1.0,1.0,1.0,1.0,0.5,0.5,1.0,1.0,1.0,0.5,1.0,1.0,1.0,0.75,0.5,0.75,0.5,0.25,0.5,0.5,0.5,0.5,0.5,1,883,ERYVNAPR.AF,0.25,0.25,-0.0016871372098936,-0.0010797513383826
1.0,1.0,1.0,1.0,0.5,0.5,0.5,1.0,1.0,0.25,0.5,1.0,1.0,1.0,0.5,0.25,1.0,0.75,0.0,0.25,0.75,0.75,0.75,0.75,2,883,ERYVNAPR.AF,0.25,0.5,-0.0016027803493987,0.0001350204046395
1.0,1.0,1.0,1.0,0.5,0.5,0.5,1.0,1.0,1.0,0.5,0.0,1.0,1.0,0.75,0.0,0.5,0.5,0.5,0.5,0.75,0.5,0.5,0.5,3,883,ERYVNAPR.AF,0.5,0.5,0.0003374274419787,0.0001012447085428
1.0,1.0,1.0,1.0,0.5,0.5,0.5,1.0,0.75,0.75,0.5,0.0,1.0,1.0,0.5,0.0,0.75,0.25,0.25,0.25,0.75,0.75,0.25,0.25,4,883,ERYVNAPR.AF,0.5,0.5,-0.0005736101754143,-0.0005568047071127
1.0,1.0,0.75,0.75,0.75,0.5,0.5,1.0,1.0,1.0,0.5,0.0,0.0,1.0,0.25,0.0,0.5,0.0,0.5,0.5,1.0,0.5,0.0,0.0,5,883,ERYVNAPR.AF,0.5,0.5,0.0005398344793179,-0.0004049788341717
0.75,1.0,0.75,1.0,0.5,0.5,0.5,1.0,0.75,0.0,0.5,0.25,0.0,1.0,0.0,0.0,0.75,0.75,0.25,0.25,1.0,0.75,0.75,0.75,6,883,ERYVNAPR.AF,0.5,0.5,0.0006073858715109,-0.0003543152900269
1.0,1.0,1.0,1.0,0.0,0.5,0.5,1.0,0.0,0.5,0.5,0.5,0.0,1.0,0.75,0.75,1.0,0.75,0.0,0.5,1.0,1.0,1.0,1.0,7,883,ERYVNAPR.AF,1.0,0.5,0.0017378007540382,-0.000894149769345
1.0,1.0,1.0,1.0,1.0,0.5,0.5,1.0,1.0,0.0,0.5,1.0,0.75,1.0,0.75,1.0,0.5,0.75,0.5,0.25,1.0,1.0,1.0,1.0,8,883,ERYVNAPR.AF,0.5,0.25,-0.0002361827334358,-0.0013497097679149
1.0,1.0,1.0,1.0,0.0,1.0,0.5,1.0,0.5,1.0,0.0,0.5,0.25,1.0,0.75,0.5,0.75,0.5,0.25,0.5,0.0,0.5,0.5,0.5,9,883,ERYVNAPR.AF,0.5,0.5,1.6805468301628324e-05,0.000691660352259
1.0,1.0,1.0,1.0,0.25,1.0,0.5,1.0,0.5,0.5,0.0,0.5,0.75,0.0,0.5,0.25,0.5,0.25,0.0,0.25,0.5,0.25,0.75,0.25,10,883,ERYVNAPR.AF,0.5,0.5,-0.0009448133134897,0.0002361827334358
1.0,1.0,1.0,1.0,0.0,1.0,0.5,1.0,0.25,0.0,0.0,0.5,0.75,0.25,0.25,0.75,0.75,0.75,0.0,0.0,0.75,0.0,1.0,0.75,11,883,ERYVNAPR.AF,0.5,0.5,-0.0009617011615379,-0.0009448133134897
1.0,1.0,1.0,1.0,0.25,1.0,0.5,1.0,1.0,0.0,0.0,1.0,1.0,0.5,0.75,1.0,1.0,0.75,0.5,0.0,0.5,0.75,1.0,1.0,12,883,ERYVNAPR.AF,0.0,0.0,-0.0026319505233833,-0.0026825316877814
1.0,1.0,1.0,1.0,0.25,1.0,0.5,1.0,1.0,1.0,0.0,0.75,0.5,0.5,0.75,1.0,0.5,0.5,0.5,0.5,0.5,0.5,0.5,0.5,13,883,ERYVNAPR.AF,0.25,0.25,-0.001113527034479,-0.0012484650593718
1.0,1.0,1.0,1.0,0.0,1.0,0.5,0.0,0.5,1.0,0.0,0.25,0.5,0.5,0.5,0.5,0.25,0.25,0.25,0.25,0.5,0.25,0.75,0.25,14,883,ERYVNAPR.AF,0.5,0.5,0.0006748548839574,-0.0006748548839574
1.0,0.75,0.75,0.75,0.5,1.0,0.5,0.0,0.75,1.0,0.0,0.0,0.25,0.5,0.25,0.25,0.0,0.0,0.5,0.5,0.75,0.0,0.5,0.75,15,883,ERYVNAPR.AF,0.75,0.25,0.0011809960469255,-0.0013834030842647
0.75,0.75,1.0,1.0,0.0,1.0,0.5,0.0,0.0,0.25,0.0,0.0,0.25,0.5,0.0,0.0,0.75,0.75,0.25,0.25,0.75,0.75,0.25,1.0,16,883,ERYVNAPR.AF,0.5,0.25,1.6887848048208198e-05,-0.0013328219198665
1.0,1.0,1.0,0.75,0.0,1.0,0.5,0.0,0.75,0.75,0.0,0.25,0.0,0.25,0.75,0.75,1.0,0.5,0.5,0.5,0.75,1.0,0.0,0.5,17,883,ERYVNAPR.AF,0.5,0.25,-5.058116439804472e-05,-0.0011978838949735
0.75,0.75,0.75,1.0,0.5,1.0,0.5,0.25,0.5,0.25,0.0,0.75,0.25,0.25,0.5,0.5,0.5,0.75,0.25,0.25,1.0,1.0,0.75,0.25,18,883,ERYVNAPR.AF,0.5,0.25,-0.0001349380248927,-0.0016196681974469
1.0,1.0,1.0,1.0,0.25,1.0,1.0,0.75,0.75,0.0,0.75,1.0,0.75,0.75,0.75,0.75,0.75,0.75,0.5,0.0,1.0,1.0,1.0,0.75,19,883,ERYVNAPR.AF,0.25,0.0,-0.0013497097679149,-0.0024800422706956
1.0,1.0,1.0,1.0,0.0,1.0,1.0,0.5,0.25,0.75,0.5,0.75,1.0,0.75,0.75,0.5,1.0,0.5,0.25,0.5,0.5,0.5,1.0,0.5,20,883,ERYVNAPR.AF,0.0,0.0,-0.0025643991311903,-0.0018726563991846
1.0,1.0,1.0,1.0,0.25,1.0,1.0,0.25,0.75,1.0,0.5,0.5,0.5,0.25,0.5,0.75,0.5,0.25,0.5,0.5,0.5,0.25,0.5,0.25,21,883,ERYVNAPR.AF,0.25,0.25,-0.0013497097679147,-0.0011641081988771
1.0,1.0,1.0,0.75,0.25,1.0,1.0,0.25,0.25,0.75,0.75,0.0,0.5,0.0,0.25,0.5,0.25,0.0,0.25,0.25,0.5,0.0,0.25,0.0,22,883,ERYVNAPR.AF,0.25,0.5,-0.0011473027305755,-0.0001012447085428
0.75,0.75,0.75,0.75,1.0,1.0,1.0,0.25,0.75,0.25,0.75,0.25,0.5,0.25,0.0,0.25,0.0,0.75,0.5,0.0,0.75,0.75,0.0,0.75,23,883,ERYVNAPR.AF,0.25,0.5,-0.0014847301725542,0.0001180501768445
0.75,0.75,1.0,0.75,1.0,1.0,1.0,0.25,0.5,0.5,0.75,0.5,0.25,0.25,0.75,0.75,0.75,0.5,0.25,0.5,0.75,1.0,0.0,1.0,24,883,ERYVNAPR.AF,0.25,0.5,-0.0011303325027807,-0.0006241913398126
0.75,0.75,0.75,0.5,1.0,1.0,1.0,0.0,1.0,1.0,0.75,0.0,0.0,0.25,0.5,0.5,0.5,0.25,0.5,0.5,0.75,0.5,0.0,0.5,25,883,ERYVNAPR.AF,0.5,0.75,0.0006917427320056,0.0011472203508289
0.5,0.75,0.5,0.75,0.75,1.0,1.0,0.0,0.75,0.0,0.75,0.0,0.25,0.25,0.25,0.25,0.25,0.75,0.25,0.25,1.0,0.75,0.75,0.75,26,883,ERYVNAPR.AF,0.5,0.75,0.0001856015690375,0.0010122823259359
0.75,0.75,0.75,0.75,0.25,1.0,1.0,0.0,0.75,0.75,0.75,0.0,0.25,0.25,0.75,0.75,0.75,0.5,0.5,0.5,1.0,0.5,1.0,1.0,27,883,ERYVNAPR.AF,0.75,0.75,0.0010460580220326,0.0019570956394256
0.75,0.75,0.75,0.75,0.0,1.0,1.0,0.0,0.25,0.5,0.75,0.75,0.0,0.0,0.5,0.5,0.5,0.25,0.25,0.25,1.0,0.75,0.5,0.5,28,883,ERYVNAPR.AF,1.0,0.75,0.0016027803493987,0.0019739834874739
0.75,0.5,0.75,0.75,0.0,0.75,1.0,0.0,0.0,0.25,1.0,0.5,0.25,0.0,0.25,0.25,0.25,0.75,0.0,0.0,1.0,0.5,0.75,0.25,29,883,ERYVNAPR.AF,0.5,0.75,0.000506141162968,0.0017546062223399
0.75,0.75,0.75,0.75,0.0,0.75,1.0,0.25,0.0,0.25,1.0,0.75,0.75,0.0,0.0,0.75,1.0,0.75,0.5,0.0,1.0,0.75,1.0,0.75,30,883,ERYVNAPR.AF,0.5,0.75,0.0004554776188232,0.001653361513797
0.75,0.75,0.75,0.75,0.25,0.75,1.0,0.25,0.0,0.25,1.0,0.75,0.5,0.25,0.75,1.0,1.0,0.75,0.25,0.5,1.0,1.0,0.5,1.0,31,883,ERYVNAPR.AF,0.5,0.5,0.0008266807568984,0.0009448133134897
0.75,0.75,0.75,0.75,0.0,0.75,1.0,0.5,0.25,0.0,1.0,1.0,0.75,0.5,0.75,1.0,1.0,0.75,0.5,0.25,0.5,1.0,0.75,1.0,32,883,ERYVNAPR.AF,0.5,0.5,0.000911037617393,-0.0007592117444521
0.75,0.75,1.0,1.0,0.0,0.75,1.0,1.0,0.25,0.0,1.0,1.0,1.0,0.5,0.75,1.0,1.0,0.75,0.25,0.5,0.5,1.0,1.0,1.0,33,883,ERYVNAPR.AF,0.5,0.25,0.0003712031380751,-0.0016196681974471
0.75,0.75,0.75,0.75,0.0,0.75,1.0,0.5,0.25,1.0,1.0,0.75,0.75,0.5,0.75,0.5,0.5,0.5,0.5,0.5,0.25,0.5,0.5,0.5,34,883,ERYVNAPR.AF,0.75,0.5,0.0012484650593718,6.746901244647496e-05
0.75,0.75,0.75,0.75,0.0,0.75,1.0,0.5,0.0,0.5,0.75,0.5,0.75,0.75,0.5,0.25,0.25,0.75,0.25,0.25,0.25,0.25,0.25,0.75,35,883,ERYVNAPR.AF,0.75,0.25,0.0011978838949737,-0.0010628634903342
0.75,0.75,0.75,0.75,0.25,0.75,1.0,0.75,0.25,0.0,0.75,0.5,0.75,0.75,0.75,0.75,1.0,0.75,0.5,0.0,0.25,0.75,0.75,0.5,36,883,ERYVNAPR.AF,0.5,0.0,0.0001181325565913,-0.0021932783728615
0.75,1.0,1.0,1.0,0.75,0.75,1.0,1.0,0.25,0.0,0.5,1.0,0.75,1.0,0.75,1.0,1.0,0.75,0.5,0.0,0.25,1.0,1.0,0.75,37,883,ERYVNAPR.AF,0.25,0.0,-0.0016702493618452,-0.0025644815109366
1.0,1.0,1.0,1.0,0.25,1.0,1.0,1.0,0.0,0.5,0.5,1.0,0.75,1.0,0.75,1.0,1.0,0.5,0.25,0.5,0.0,0.5,0.5,1.0,38,883,ERYVNAPR.AF,0.0,0.0,-0.0019908713355223,-0.0023957677899473
1.0,0.75,1.0,1.0,0.0,1.0,1.0,1.0,0.0,0.5,0.25,0.75,1.0,1.0,0.75,0.5,1.0,0.25,0.0,0.5,0.0,0.25,0.75,0.5,39,883,ERYVNAPR.AF,0.25,0.0,-0.0011809960469253,-0.0031549795343994
1.0,1.0,1.0,1.0,0.0,1.0,1.0,1.0,0.0,0.5,0.25,0.5,1.0,0.75,0.5,0.75,0.5,0.0,0.5,0.25,0.0,0.0,0.5,0.25,40,883,ERYVNAPR.AF,0.0,0.0,-0.002260747385308,-0.0032055606987977
1.0,1.0,1.0,0.75,0.0,1.0,1.0,0.75,0.25,0.75,0.0,0.25,0.5,0.75,0.25,0.5,0.25,0.0,0.5,0.5,0.0,0.0,0.25,0.0,41,883,ERYVNAPR.AF,0.0,0.0,-0.0023114109294528,-0.0017378007540382
1.0,0.75,0.75,0.75,0.0,1.0,1.0,0.25,0.75,1.0,0.25,0.0,0.0,0.25,0.0,0.25,0.0,0.0,0.5,0.5,0.5,0.0,0.0,0.0,42,883,ERYVNAPR.AF,0.5,0.5,-0.0008942321490914,1.6887848048208198e-05
0.75,0.75,0.75,0.75,0.0,1.0,1.0,0.0,0.5,0.75,0.25,0.0,0.0,0.0,0.0,0.0,0.0,0.0,0.25,0.25,0.75,0.0,0.0,0.0,43,883,ERYVNAPR.AF,0.5,0.5,-0.0004048964544249,-0.0001518258729409
0.75,0.75,0.75,0.75,0.25,1.0,1.0,0.5,0.5,0.0,0.25,0.25,0.25,0.5,0.0,0.0,0.0,0.75,0.5,0.0,0.5,0.75,0.75,0.75,44,883,ERYVNAPR.AF,0.0,0.5,-0.0019739834874741,-0.0006073858715109
0.75,0.75,0.75,0.75,0.75,1.0,1.0,0.0,1.0,1.0,0.25,0.25,0.0,0.25,0.75,0.75,0.0,0.5,0.5,0.5,0.5,0.5,0.5,0.5,45,883,ERYVNAPR.AF,0.5,0.5,-0.0009448133134897,-0.0004217843024734
0.5,0.5,0.5,0.5,0.75,1.0,1.0,0.0,0.75,1.0,0.25,0.25,0.0,0.0,0.5,0.5,0.0,0.25,0.25,0.25,0.75,0.25,0.25,0.25,46,883,ERYVNAPR.AF,0.5,0.75,0.0005736101754145,0.0011641081988773
0.5,0.5,0.5,0.5,0.0,0.75,1.0,0.25,0.0,0.0,0.5,0.0,0.25,0.0,0.25,0.25,0.75,0.75,0.0,0.0,0.75,0.0,0.75,0.0,47,883,ERYVNAPR.AF,0.5,0.5,0.0009111199971396,0.0007424062761502
0.5,0.5,0.75,0.5,0.5,0.75,0.75,0.25,0.25,0.25,0.75,0.5,0.5,0.0,0.75,0.75,1.0,0.75,0.5,0.5,0.75,0.75,1.0,0.75,48,883,ERYVNAPR.AF,0.5,0.5,0.000253070581484,0.0004217843024734
0.5,0.5,0.5,0.5,0.25,0.75,0.75,0.0,0.5,1.0,0.75,0.5,0.0,0.0,0.5,0.5,0.5,0.5,0.5,0.5,1.0,0.5,0.5,0.5,49,883,ERYVNAPR.AF,0.75,0.5,0.0013665976159631,0.0005736925551609
0.5,0.5,0.5,0.5,0.25,0.75,0.75,0.0,0.0,0.25,1.0,0.25,0.25,0.0,0.25,0.25,0.25,0.25,0.25,0.25,1.0,0.25,0.75,0.25,50,883,ERYVNAPR.AF,0.5,0.5,0.0005230290110163,0.0008435686049468
0.5,0.5,0.5,0.5,0.5,0.5,0.75,0.5,0.25,0.0,1.0,0.75,0.75,0.0,0.75,0.75,0.75,0.75,0.5,0.0,1.0,0.75,1.0,0.75,51,883,ERYVNAPR.AF,0.5,0.5,0.0005904980234627,-0.0001687137209893
0.5,0.75,0.75,0.75,0.25,0.5,0.75,0.75,0.25,0.0,1.0,1.0,0.75,0.5,0.75,1.0,1.0,0.75,0.25,0.5,0.5,1.0,1.0,1.0,52,883,ERYVNAPR.AF,0.5,0.5,-0.0001687137209893,-0.0007929874405485
0.75,0.75,0.75,0.75,0.25,0.5,0.75,0.5,0.5,0.75,1.0,1.0,0.5,0.5,0.75,1.0,0.5,0.5,0.5,0.5,0.5,0.5,0.5,0.5,53,883,ERYVNAPR.AF,0.5,0.5,0.0001687137209893,-0.0007085482003075
0.75,0.5,0.75,0.75,0.0,0.5,0.75,0.75,0.25,0.25,1.0,0.75,1.0,0.5,0.5,0.5,0.25,0.75,0.25,0.25,0.5,0.25,0.75,0.25,54,883,ERYVNAPR.AF,0.5,0.25,-0.0007929050608022,-0.0012146893632754
0.75,0.5,0.5,0.5,0.0,0.5,0.75,0.25,0.75,1.0,1.0,0.0,0.75,0.5,0.75,0.25,0.0,0.5,0.5,0.5,0.5,0.0,0.5,0.75,55,883,ERYVNAPR.AF,0.5,0.25,0.0003205395939305,-0.0012822407554684
0.5,0.75,0.5,0.75,0.0,0.5,0.75,0.75,0.5,0.0,1.0,0.75,0.75,0.75,0.5,1.0,0.75,0.75,0.25,0.25,0.5,0.75,0.75,1.0,56,883,ERYVNAPR.AF,0.5,0.25,-0.0007592117444521,-0.0014677599447594
0.75,0.75,0.75,0.75,0.0,0.75,0.75,0.75,0.25,0.5,0.75,0.75,0.5,0.75,0.75,1.0,1.0,0.5,0.0,0.5,0.25,0.5,0.5,0.5,57,883,ERYVNAPR.AF,0.5,0.25,-0.0006242737195591,-0.0011641905786237
0.75,0.75,0.75,0.75,0.0,0.75,0.75,0.5,0.5,0.75,0.75,0.75,0.5,0.75,0.5,1.0,1.0,0.25,0.5,0.5,0.25,0.75,0.75,0.25,58,883,ERYVNAPR.AF,0.5,0.5,-0.0008772619212968,-0.0007423238964039
0.75,0.75,0.75,0.5,0.75,0.75,0.75,0.25,0.75,0.75,0.5,0.25,0.25,0.75,0.25,0.5,0.5,0.0,0.5,0.5,0.25,0.5,0.5,0.75,59,883,ERYVNAPR.AF,0.5,0.5,-0.0004217843024731,0.000506141162968
0.5,0.5,0.5,0.5,0.0,0.75,0.75,0.5,0.0,0.25,0.25,0.25,0.5,0.75,0.0,0.25,0.25,0.75,0.25,0.25,0.25,0.75,0.75,1.0,60,883,ERYVNAPR.AF,0.25,0.5,-0.0016027803493989,0.0006579670359092
0.5,0.5,0.5,0.5,0.25,0.75,0.75,0.5,0.5,0.5,0.25,0.5,0.25,0.5,0.75,0.75,0.75,0.5,0.5,0.5,0.0,1.0,0.5,0.5,61,883,ERYVNAPR.AF,0.5,0.5,-0.0007085482003073,0.0002024894170857
0.5,0.5,0.75,0.5,0.25,0.75,0.75,0.5,0.0,0.25,0.25,0.75,0.25,0.25,0.5,0.5,1.0,0.75,0.25,0.25,0.5,1.0,0.75,0.25,62,883,ERYVNAPR.AF,0.5,0.5,-0.0005399168590645,-0.0001349380248929
0.5,0.5,0.5,0.5,0.25,0.75,0.75,0.25,0.5,0.75,0.25,0.5,0.25,0.25,0.75,0.75,0.5,0.5,0.5,0.5,0.75,0.5,0.5,0.75,63,883,ERYVNAPR.AF,0.5,0.5,0.0001349380248929,-1.6887848048208198e-05
0.5,0.5,0.5,0.5,0.5,0.5,0.75,0.25,0.25,0.75,0.25,0.25,0.5,0.25,0.5,0.5,0.25,0.25,0.25,0.5,0.75,0.25,0.75,0.5,64,883,ERYVNAPR.AF,0.5,0.5,0.0009279254654412,0.0004892533149196
0.5,0.5,0.5,0.5,0.75,0.5,0.5,0.0,0.75,1.0,0.5,0.0,0.0,0.25,0.25,0.25,0.0,0.0,0.5,0.5,0.75,0.0,0.5,0.25,65,883,ERYVNAPR.AF,1.0,0.5,0.0022607473853082,-0.0005567223273661
0.5,0.5,0.5,0.5,0.75,0.5,0.5,0.25,0.5,0.0,0.5,0.5,0.25,0.0,0.0,0.0,0.0,0.75,0.25,0.25,1.0,0.75,0.75,0.0,66,883,ERYVNAPR.AF,0.5,1.0,0.000911037617393,0.0036948140137174
0.5,0.5,0.5,0.5,0.25,0.5,0.5,0.5,0.25,0.25,0.5,0.75,0.25,0.25,0.75,0.75,0.75,0.75,0.0,0.5,1.0,1.0,1.0,0.75,67,883,ERYVNAPR.AF,0.5,1.0,0.0004049788341715,0.0027669709280226
0.5,0.5,0.5,0.5,0.75,0.5,0.5,0.5,0.75,0.25,0.75,1.0,0.5,0.25,0.75,1.0,0.5,0.75,0.5,0.5,1.0,1.0,1.0,1.0,68,883,ERYVNAPR.AF,0.5,1.0,-0.0001518258729411,0.0030030712817119
0.5,0.5,0.5,0.75,1.0,0.5,0.5,1.0,0.0,0.0,0.75,1.0,0.75,0.75,0.75,1.0,0.75,0.75,0.25,0.25,1.0,0.5,1.0,1.0,69,883,ERYVNAPR.AF,0.5,0.75,-0.0004386721505216,0.0016871372098936
0.75,0.75,0.75,0.75,1.0,0.5,0.75,1.0,0.25,0.25,0.75,1.0,1.0,0.75,0.75,1.0,1.0,0.75,0.5,0.5,1.0,0.75,1.0,1.0,70,883,ERYVNAPR.AF,0.0,0.75,-0.0028174697126743,0.0012991286035164
0.75,0.75,0.75,0.75,1.0,0.5,0.75,0.75,0.5,0.75,0.75,0.75,0.75,0.5,0.75,1.0,1.0,0.5,0.5,0.5,0.5,0.5,0.5,0.5,71,883,ERYVNAPR.AF,1.0,0.5,0.0027837763963243,-1.6887848048208198e-05
0.5,0.5,0.5,0.5,1.0,0.5,0.75,0.5,0.0,0.75,0.75,0.5,0.75,0.5,0.5,0.5,0.5,0.25,0.25,0.25,0.5,0.25,0.25,0.25,72,883,ERYVNAPR.AF,1.0,0.25,0.0023619920938511,-0.0015353113369522
0.5,0.5,0.5,0.5,1.0,0.5,0.5,0.5,0.75,0.75,0.5,0.0,0.5,0.5,0.25,0.25,0.25,0.0,0.5,0.0,0.25,0.0,0.0,0.75,73,883,ERYVNAPR.AF,1.0,0.25,0.0031548971546531,-0.001518423488904
0.5,0.75,0.5,0.5,1.0,0.5,0.5,0.75,1.0,0.25,0.5,0.5,0.25,0.75,0.0,0.75,0.75,0.75,0.5,0.0,0.25,0.75,0.0,1.0,74,883,ERYVNAPR.AF,1.0,0.0,0.0021258093604152,-0.0016534438935436
0.5,0.5,0.25,0.25,1.0,0.5,0.5,0.0,1.0,1.0,0.5,0.0,0.0,0.5,0.0,0.5,0.5,0.5,0.25,0.5,0.25,0.5,0.0,0.5,75,883,ERYVNAPR.AF,1.0,0.5,0.0041165983161908,-0.000506141162968
0.25,1.0,0.5,1.0,1.0,0.5,0.5,1.0,1.0,0.0,0.25,1.0,1.0,1.0,0.0,0.75,0.75,0.75,0.5,0.25,0.25,0.75,0.75,0.75,76,883,ERYVNAPR.AF,0.0,0.0,-0.0028006642443725,-0.0065629472705365
1.0,1.0,1.0,1.0,1.0,0.75,0.75,1.0,1.0,0.75,0.25,1.0,1.0,1.0,0.75,1.0,1.0,0.5,0.25,0.5,0.0,0.5,0.5,0.5,77,883,ERYVNAPR.AF,0.0,0.0,-0.0038973034308034,-0.0057194610453364
1.0,1.0,1.0,1.0,1.0,0.75,0.75,1.0,1.0,0.0,0.0,1.0,1.0,1.0,0.5,1.0,1.0,0.75,0.5,0.25,0.0,0.75,0.75,0.75,78,883,ERYVNAPR.AF,0.0,0.0,-0.0046733206435571,-0.0069340680288653
1.0,1.0,1.0,1.0,0.75,0.75,0.75,1.0,0.75,1.0,0.0,0.25,1.0,0.75,0.75,0.5,1.0,0.5,0.25,0.5,0.0,0.5,0.5,0.5,79,883,ERYVNAPR.AF,0.0,0.0,-0.0037792532539588,-0.0063774280812456
1.0,1.0,0.75,1.0,0.75,0.75,0.75,1.0,1.0,0.5,0.0,0.5,1.0,0.75,0.5,0.25,0.5,0.25,0.5,0.25,0.0,0.75,0.75,0.25,80,883,ERYVNAPR.AF,0.0,0.0,-0.0046227394791589,-0.0063436523851488
0.75,0.75,0.5,0.5,1.0,0.75,0.75,0.5,1.0,1.0,0.0,0.0,0.0,0.5,0.25,0.0,0.25,0.0,0.5,0.5,0.5,0.5,0.5,0.0,81,883,ERYVNAPR.AF,0.0,0.0,-0.0037622830261639,-0.0052807065150681
0.5,0.5,0.5,0.5,1.0,0.75,0.75,0.25,1.0,1.0,0.0,0.0,0.0,0.0,0.0,0.0,0.0,0.0,0.25,0.25,0.75,0.25,0.25,0.0,82,883,ERYVNAPR.AF,0.0,0.0,-0.001822157614533,-0.0035767638368729
0.5,0.5,0.5,0.5,1.0,0.75,0.75,0.25,1.0,0.75,0.25,0.0,0.0,0.0,0.0,0.0,0.0,0.0,0.5,0.0,0.75,0.0,0.0,0.75,83,883,ERYVNAPR.AF,0.0,0.0,-0.0022607473853081,-0.0032055606987977
0.25,0.25,0.5,0.5,0.75,0.75,0.75,0.25,0.5,0.25,0.25,0.0,0.0,0.0,0.0,0.0,0.0,0.75,0.25,0.0,0.75,0.75,0.75,0.5,84,883,ERYVNAPR.AF,0.0,0.0,-0.0025981748272867,-0.0045552704667125
0.5,0.25,0.25,0.25,0.75,0.75,0.75,0.0,0.75,1.0,0.25,0.25,0.0,0.5,0.75,0.0,0.0,0.5,0.5,0.5,0.5,1.0,0.5,0.75,85,883,ERYVNAPR.AF,0.25,0.0,-0.0017209129059899,-0.0039310791268998
0.25,0.25,0.25,0.25,1.0,0.5,0.5,0.0,1.0,1.0,0.5,0.0,0.0,0.0,0.5,0.0,0.0,0.25,0.5,0.5,0.5,0.5,0.75,0.5,86,883,ERYVNAPR.AF,0.25,0.0,-0.0015184234889041,-0.0026994195358296
0.25,0.25,0.25,0.25,0.75,0.5,0.5,0.0,0.75,0.5,1.0,0.0,0.0,0.0,0.25,0.0,0.0,0.75,0.25,0.25,0.75,0.25,1.0,0.75,87,883,ERYVNAPR.AF,0.25,0.25,-0.0017546062223399,-0.0013834030842647
0.25,0.25,0.25,0.25,0.75,0.5,0.5,0.0,0.75,1.0,1.0,0.0,0.0,0.0,0.0,0.75,0.75,0.5,0.5,0.5,0.75,0.75,0.5,0.5,88,883,ERYVNAPR.AF,0.5,0.5,-0.0009448133134896,-0.0003880909861234
0.25,0.0,0.0,0.25,0.75,0.25,0.5,0.0,0.75,0.5,1.0,0.25,0.0,0.0,0.0,0.5,0.5,0.25,0.25,0.25,0.75,1.0,0.25,0.75,89,883,ERYVNAPR.AF,0.0,0.5,-0.0019570956394258,0.0003880909861234
0.25,0.25,0.0,0.25,0.5,0.25,0.5,0.0,0.75,0.75,1.0,0.25,0.0,0.0,0.75,0.75,0.75,0.75,0.5,0.5,1.0,0.5,0.75,1.0,90,883,ERYVNAPR.AF,0.0,0.5,-0.0022101662209098,-0.0008097929088503
0.25,0.25,0.0,0.0,0.5,0.25,0.5,0.0,1.0,1.0,1.0,0.25,0.0,0.0,0.5,1.0,0.5,0.5,0.5,0.5,1.0,0.25,1.0,1.0,91,883,ERYVNAPR.AF,0.25,0.5,-0.0011809960469254,0.0002024070373393
0.0,0.0,0.0,0.0,0.5,0.25,0.5,0.0,0.25,0.25,1.0,0.25,0.0,0.0,0.25,0.5,0.75,0.25,0.25,0.25,1.0,0.75,0.5,1.0,92,883,ERYVNAPR.AF,0.5,0.5,0.0003712031380751,0.0001856015690375
0.0,0.0,0.0,0.0,0.5,0.25,0.5,0.0,0.75,0.5,1.0,0.25,0.25,0.0,0.75,0.75,1.0,0.75,0.5,0.5,1.0,1.0,0.75,1.0,93,883,ERYVNAPR.AF,0.5,1.0,0.0005567223273661,0.0021089215123668
0.0,0.0,0.0,0.0,1.0,0.0,0.5,0.0,0.75,1.0,1.0,0.0,0.0,0.0,0.5,0.5,0.25,0.5,0.5,0.5,1.0,0.5,0.5,0.5,94,883,ERYVNAPR.AF,1.0,1.0,0.0023451866255492,0.0031887552304961
0.0,0.0,0.0,0.0,0.75,0.0,0.25,0.0,0.5,0.5,1.0,0.0,0.0,0.0,0.25,0.25,0.0,0.25,0.0,0.25,1.0,0.25,0.25,0.75,95,883,ERYVNAPR.AF,0.75,1.0,0.0014003733120595,0.0022776352333562
0.0,0.0,0.0,0.0,0.75,0.0,0.25,0.0,0.25,0.25,1.0,0.0,0.25,0.0,0.75,0.0,0.0,0.75,0.0,0.0,0.5,0.75,0.75,1.0,96,883,ERYVNAPR.AF,0.75,1.0,0.0013834030842647,0.0025475112831419
0.0,0.0,0.0,0.0,0.75,0.0,0.25,0.25,1.0,0.0,1.0,1.0,0.75,0.25,0.75,0.75,0.75,0.75,0.5,0.0,0.5,1.0,1.0,1.0,97,883,ERYVNAPR.AF,0.5,0.5,-0.0001856015690375,0.0006410791878609
0.0,0.0,0.0,0.0,0.5,0.0,0.25,0.25,1.0,0.25,1.0,1.0,0.75,0.5,0.75,1.0,1.0,0.75,0.5,0.5,0.25,1.0,1.0,1.0,98,883,ERYVNAPR.AF,1.0,0.5,0.0015521991850007,0.0002699584295323
0.25,0.25,0.25,0.25,0.75,0.0,0.25,0.5,0.5,0.25,1.0,1.0,1.0,0.75,0.75,1.0,1.0,0.75,0.25,0.25,0.25,1.0,1.0,1.0,99,883,ERYVNAPR.AF,0.5,0.5,0.0008435686049468,-0.0009111199971397
0.25,0.25,0.0,0.0,0.5,0.0,0.25,0.25,0.75,1.0,1.0,0.5,1.0,0.25,0.75,0.5,0.5,0.5,0.5,0.5,0.25,0.5,0.5,0.5,100,883,ERYVNAPR.AF,0.5,0.75,0.0008772619212966,0.0017208305262434
0.0,0.0,0.0,0.0,0.75,0.0,0.25,0.25,0.5,0.5,1.0,0.5,1.0,0.5,0.5,0.25,0.75,0.75,0.25,0.25,0.25,0.25,0.25,0.75,101,883,ERYVNAPR.AF,0.75,0.75,0.0011641081988771,0.001366597615963
0.0,0.0,0.0,0.0,0.5,0.0,0.0,0.25,0.5,0.5,1.0,0.25,0.5,0.5,0.75,0.0,0.5,0.5,0.0,0.5,0.0,0.0,0.0,0.5,102,883,ERYVNAPR.AF,0.5,0.5,0.0008266807568985,0.0006073858715109
0.0,0.25,0.0,0.25,1.0,0.0,0.0,1.0,1.0,0.0,0.75,1.0,1.0,1.0,0.5,0.75,0.75,0.75,0.5,0.25,0.0,0.75,0.75,0.75,103,883,ERYVNAPR.AF,0.25,0.5,-0.0012822407554683,-0.0009617011615379
0.25,0.25,0.25,0.25,1.0,0.0,0.0,1.0,0.5,0.5,0.5,1.0,0.75,1.0,0.75,1.0,1.0,0.5,0.25,0.5,0.0,0.5,0.5,1.0,104,883,ERYVNAPR.AF,0.0,0.5,-0.0017546886020866,-0.0009111199971397
0.25,0.25,0.25,0.25,1.0,0.0,0.0,0.5,1.0,1.0,0.25,0.75,0.75,1.0,0.5,0.25,0.5,0.25,0.5,0.5,0.0,0.25,0.75,0.5,105,883,ERYVNAPR.AF,0.5,0.5,0.0008435686049468,-0.0002867638978338
0.25,0.25,0.25,0.25,0.5,0.25,0.0,0.75,0.25,0.0,0.25,0.25,1.0,1.0,0.25,0.0,0.75,0.75,0.25,0.25,0.0,0.0,1.0,0.75,106,883,ERYVNAPR.AF,0.5,0.25,0.0002024894170858,-0.0010797513383824
0.25,0.25,0.25,0.25,0.5,0.25,0.0,0.5,0.25,0.75,0.0,0.0,0.75,0.75,0.75,0.0,0.5,0.5,0.0,0.5,0.0,0.0,0.5,0.5,107,883,ERYVNAPR.AF,0.5,0.5,-0.0002192948853875,-0.0008097929088503
0.25,0.25,0.25,0.25,0.75,0.25,0.0,0.5,0.5,0.75,0.0,0.5,0.25,0.75,0.5,0.0,0.25,0.25,0.5,0.25,0.0,0.75,0.25,0.25,108,883,ERYVNAPR.AF,0.5,0.5,0.0003205395939304,-0.0007929874405486
0.25,0.0,0.25,0.0,0.5,0.25,0.0,0.25,0.25,0.75,0.0,0.0,0.0,0.25,0.25,0.0,0.0,0.0,0.25,0.5,0.5,0.5,0.0,0.0,109,883,ERYVNAPR.AF,0.5,0.5,0.0008435686049468,-0.0003374274419787
0.0,0.25,0.25,0.25,0.25,0.25,0.0,1.0,0.75,0.0,0.0,0.75,0.75,1.0,0.0,0.75,1.0,0.75,0.5,0.25,0.5,0.75,0.75,0.75,110,883,ERYVNAPR.AF,0.25,0.25,-0.0011303325027807,-0.0013159340718184
0.25,0.25,0.25,0.25,0.75,0.25,0.0,1.0,0.25,0.75,0.0,0.75,0.5,0.75,0.75,1.0,1.0,0.5,0.25,0.5,0.5,0.5,0.5,0.5,111,883,ERYVNAPR.AF,0.25,0.25,-0.0012822407554683,-0.0011809960469254
0.25,0.25,0.25,0.25,0.5,0.25,0.0,0.5,0.75,1.0,0.0,0.75,0.5,0.75,0.5,0.5,0.5,0.25,0.5,0.5,0.25,0.25,0.25,0.25,112,883,ERYVNAPR.AF,0.5,0.5,-0.0005904980234627,-0.0005568047071128
0.25,0.25,0.25,0.25,0.75,0.25,0.0,0.75,0.5,0.5,0.0,0.25,0.5,0.25,0.25,0.25,0.75,0.75,0.25,0.25,0.5,0.0,0.75,0.0,113,883,ERYVNAPR.AF,0.25,0.25,-0.001113527034479,-0.001653361513797
0.25,0.25,0.25,0.25,0.5,0.25,0.0,0.75,0.25,0.25,0.25,0.5,0.75,0.25,0.0,0.75,1.0,0.5,0.0,0.0,0.75,0.75,1.0,0.75,114,883,ERYVNAPR.AF,0.25,0.25,-0.0011809960469255,-0.0014846477928077
0.25,0.0,0.0,0.25,0.75,0.25,0.25,0.5,0.75,0.75,0.25,0.5,0.25,0.5,0.0,0.5,0.5,0.25,0.5,0.5,0.75,1.0,0.5,1.0,115,883,ERYVNAPR.AF,0.5,0.25,-0.0001856015690376,-0.0010291701739844
0.0,0.0,0.0,0.0,0.5,0.25,0.25,0.5,0.0,0.5,0.25,0.25,0.25,0.25,0.0,0.25,0.75,0.0,0.25,0.25,0.75,0.5,0.25,0.5,116,883,ERYVNAPR.AF,0.5,0.5,0.0001012447085428,0.0002699584295322
0.0,0.0,0.0,0.0,0.75,0.25,0.25,0.25,0.0,0.5,0.5,0.25,0.25,0.25,0.0,0.0,0.5,0.0,0.0,0.5,1.0,0.25,0.75,0.75,117,883,ERYVNAPR.AF,0.5,0.5,3.3693316349947544e-05,0.0002361827334358
0.0,0.0,0.0,0.0,0.5,0.25,0.25,0.25,0.0,0.75,0.5,0.25,0.25,0.25,0.0,0.0,0.25,0.0,0.0,0.5,1.0,0.75,0.5,1.0,118,883,ERYVNAPR.AF,0.5,0.5,-0.0005398344793179,0.0004724478466181
0.0,0.0,0.0,0.0,0.5,0.0,0.25,0.25,0.0,0.5,0.5,0.5,0.25,0.5,0.0,0.75,0.75,0.0,0.0,0.25,0.5,1.0,0.25,1.0,119,883,ERYVNAPR.AF,0.5,0.75,-0.0003036517458822,0.0012147717430219
0.0,0.0,0.0,0.0,0.25,0.0,0.25,0.5,0.0,0.25,0.5,0.75,0.5,0.25,0.75,1.0,1.0,0.75,0.0,0.0,0.5,1.0,0.75,0.5,120,883,ERYVNAPR.AF,0.5,0.5,-0.0008435686049467,0.0002699584295323
0.0,0.0,0.0,0.0,0.25,0.0,0.25,0.5,0.0,0.25,0.75,0.75,0.5,0.25,0.5,1.0,1.0,0.5,0.5,0.0,0.75,1.0,1.0,0.75,121,883,ERYVNAPR.AF,0.5,0.5,0.0001687137209893,-8.435686049468316e-05
0.0,0.25,0.0,0.0,0.5,0.0,0.25,0.5,1.0,0.5,0.75,0.75,0.5,0.5,0.75,1.0,0.5,0.25,0.5,0.5,0.75,0.5,0.5,1.0,122,883,ERYVNAPR.AF,0.5,0.5,0.0002024894170858,-0.0001011623287963
0.0,0.0,0.0,0.0,0.75,0.0,0.0,0.0,0.75,1.0,0.75,0.25,0.25,0.0,0.75,0.5,0.25,0.0,0.25,0.5,0.75,0.25,0.25,0.5,123,883,ERYVNAPR.AF,0.75,0.5,0.001012282325936,0.0008941497693449
0.0,0.0,0.0,0.0,0.5,0.0,0.0,0.25,0.0,0.25,0.75,0.25,0.5,0.0,0.5,0.25,0.75,0.75,0.0,0.25,1.0,0.75,0.75,0.75,124,883,ERYVNAPR.AF,0.75,0.5,0.0015184234889041,0.0009279254654415
0.0,0.0,0.0,0.0,0.25,0.0,0.0,0.25,0.25,0.5,0.75,0.25,0.25,0.25,0.75,0.75,1.0,0.5,0.5,0.5,1.0,1.0,0.5,1.0,125,883,ERYVNAPR.AF,0.75,1.0,0.001113527034479,0.0024632368023939
0.0,0.0,0.0,0.0,0.25,0.0,0.0,0.75,0.5,0.0,0.75,1.0,0.5,0.75,0.5,1.0,1.0,0.75,0.5,0.25,0.5,1.0,0.75,1.0,126,883,ERYVNAPR.AF,0.5,0.75,-0.000253070581484,0.0014340666284095
0.0,0.0,0.25,0.0,0.25,0.0,0.0,0.75,0.0,0.75,0.75,0.75,0.5,0.75,0.75,1.0,1.0,0.5,0.25,0.5,0.5,0.5,1.0,0.5,127,883,ERYVNAPR.AF,0.5,0.75,-0.0003036517458822,0.0020751458162704
0.0,0.0,0.25,0.0,0.0,0.0,0.0,0.75,0.0,0.25,0.75,0.75,0.75,0.75,0.5,0.5,0.5,0.75,0.0,0.25,0.25,0.75,1.0,0.75,128,883,ERYVNAPR.AF,0.5,1.0,-0.000118132556591,0.0043696688976749
0.0,0.25,0.25,0.25,0.5,0.0,0.0,1.0,0.5,0.0,0.75,0.75,1.0,0.75,0.75,0.75,0.75,0.75,0.5,0.0,0.25,0.5,1.0,1.0,129,883,ERYVNAPR.AF,0.5,1.0,-0.0005904980234626,0.0024969301187438
0.25,0.0,0.25,0.25,0.25,0.0,0.0,1.0,0.0,0.75,0.5,0.75,1.0,0.75,0.75,0.5,1.0,0.5,0.25,0.5,0.25,0.25,0.5,0.5,130,883,ERYVNAPR.AF,0.75,1.0,0.0013497097679148,0.0024631544226472
0.25,0.0,0.25,0.0,0.25,0.0,0.0,0.5,0.25,0.75,0.5,0.5,0.5,0.5,0.5,0.25,0.5,0.25,0.5,0.25,0.25,0.0,0.25,0.25,131,883,ERYVNAPR.AF,1.0,1.0,0.0016871372098935,0.0027837763963244
0.0,0.0,0.0,0.0,0.5,0.0,0.0,0.5,0.0,0.75,0.5,0.25,0.5,0.5,0.25,0.0,0.25,0.0,0.25,0.0,0.0,0.0,0.0,0.0,132,883,ERYVNAPR.AF,1.0,1.0,0.0023787975621526,0.0030874281422066
0.0,0.0,0.0,0.0,0.25,0.0,0.0,0.75,0.0,0.25,0.25,0.5,0.5,0.75,0.0,0.75,0.75,0.75,0.0,0.0,0.0,0.75,0.75,0.75,133,883,ERYVNAPR.AF,1.0,1.0,0.004487801454266,0.0027837763963242
0.0,0.0,0.25,0.0,0.25,0.0,0.0,0.75,0.0,0.25,0.25,0.75,0.25,0.75,0.75,1.0,1.0,0.75,0.0,0.5,0.0,1.0,0.5,1.0,134,883,ERYVNAPR.AF,1.0,0.5,0.0030874281422065,
0.0,0.25,0.0,0.25,0.75,0.0,0.0,1.0,1.0,0.0,0.25,1.0,1.0,1.0,0.75,1.0,0.5,0.75,0.5,0.25,0.0,1.0,0.75,1.0,135,883,ERYVNAPR.AF,0.75,0.5,0.0011134446547323,
0.25,0.25,0.25,0.25,0.75,0.25,0.0,1.0,0.25,0.5,0.25,1.0,1.0,0.75,0.75,0.5,0.75,0.5,0.25,0.5,0.0,0.5,1.0,0.5,136,883,ERYVNAPR.AF,0.75,0.5,0.0010966391864308,
0.25,0.25,0.25,0.25,1.0,0.25,0.0,1.0,0.75,0.0,0.25,1.0,1.0,1.0,0.5,0.75,0.5,0.75,0.5,0.25,0.0,0.75,1.0,0.75,137,883,ERYVNAPR.AF,0.5,0.5,0.0007086305800539,
0.25,0.75,0.25,0.5,1.0,0.25,0.0,1.0,1.0,0.0,0.0,1.0,1.0,1.0,0.75,1.0,0.75,0.75,0.5,0.0,0.0,1.0,1.0,1.0,138,883,ERYVNAPR.AF,0.25,0.5,-0.0017040250579418,
0.5,0.5,0.5,0.5,1.0,0.25,0.25,1.0,1.0,1.0,0.0,1.0,1.0,1.0,0.75,0.5,1.0,0.5,0.25,0.5,0.0,0.5,0.5,0.5,139,883,ERYVNAPR.AF,0.5,0.5,,
0.5,0.25,0.5,0.25,1.0,0.25,0.25,1.0,0.25,0.75,0.0,0.75,0.75,1.0,0.5,0.25,1.0,0.25,0.0,0.25,0.0,0.25,0.25,0.25,140,883,ERYVNAPR.AF,0.5,0.5,,
0.25,0.25,0.25,0.25,1.0,0.25,0.25,1.0,0.5,0.5,0.0,0.0,0.75,1.0,0.25,0.75,0.25,0.0,0.5,0.0,0.0,0.0,0.0,0.75,141,883,ERYVNAPR.AF,0.5,0.5,,
0.25,0.25,0.25,0.25,1.0,0.25,0.25,1.0,0.5,0.25,0.0,0.5,0.75,1.0,0.0,0.5,0.0,0.75,0.25,0.0,0.0,0.75,0.0,1.0,142,883,ERYVNAPR.AF,0.5,0.5,,
0.25,0.25,0.5,0.25,0.0,0.25,0.25,1.0,0.0,0.5,0.0,0.5,0.0,1.0,0.75,0.25,0.75,0.5,0.0,0.5,0.0,1.0,0.0,0.5,143,883,ERYVNAPR.AF,0.5,0.5,,
